Stad;Sector;Bedrijf;Telefoon;Website;Rating;Reviews;Adres;Email;Telefoon (site);Facebook;Instagram;LinkedIn
Rotterdam;Makelaardij;Ruseler Makelaars Nesselande;+31 10 222 0060;https://ruseler-rijnmond.nl/;4.4;19;Corsicalaan 31 3059 XX Rotterdam;nesselande@ruseler.nl, capelle@ruseler.nl;0102220060, 0104515100;https://www.facebook.com/Ruseler.Makelaars;https://www.instagram.com/ruseler.makelaars;
Rotterdam;Makelaar;Voorberg NVM Makelaars Nesselande;+31 10 311 0039;http://www.voorberg.nl/;4.6;67;Otto van Tussenbroekstraat 101 3059 LR Rotterdam;rotterdam@voorberg.nl, nesselande@voorberg.nl;;https://www.facebook.com/voorbergmakelaars;https://www.instagram.com/voorbergnvmmakelaars;https://www.linkedin.com/company/voorberg-makelaars
Rotterdam;Makelaardij;HMJ Makelaardij;+31 10 251 9033;http://www.hmj.nl/;4.8;28;Jacob van Campenplein 67 3067 LA Rotterdam;info@hmj.nl;31102519033, +31102519033;https://www.facebook.com/HMJmakelaardij;https://www.instagram.com/hmjmakelaardijrotterdam;https://www.linkedin.com/company/hmjmakelaardij
Rotterdam;Makelaardij;Makelaarskantoor G. Kok B.V.;+31 10 418 1108;http://www.gkok.nl/;4.5;28;Burgemeester F.H. van Kempensingel 12 3055 BJ Rotterdam;info@gkok.nl;;https://www.facebook.com/makelaarskantoorgkok;https://www.instagram.com/makelaarskantoorgkok;https://nl.linkedin.com/company/makelaarskantoor-g-kok
Rotterdam;Makelaardij;VERRA Makelaars Hillegersberg;+31 10 333 2182;https://www.verra.nl/;5.0;124;Weissenbruchlaan 168 3054 LS Rotterdam;info@ogonline.nl, denhaag@verra.nl, rotterdam@verra.nl;;https://www.facebook.com/Verramakelaars;https://www.instagram.com/verra.makelaars;https://www.linkedin.com/company/verra-real-estate
Rotterdam;Loodgieter;Loodgieter Jansen;+31 10 307 0700;https://loodgieter-jansen.nl/;4.8;17;Caprihof 21 3059 XP Rotterdam;;;;;
Rotterdam;Loodgieter;D. van Gils Installatietechniek;+31 6 21596931;https://www.vangilsinstallatie.nl/;4.9;204;Laan van Avant-Garde 454 3059 VA Rotterdam;info@vangilsinstallatie.nl;0621596931;https://www.facebook.com/Van-Gils-Installatietechniek-262435340569045;;
Rotterdam;Loodgieter;Goedkope Loodgieter Rotterdam;+31 10 307 0858;https://goedkopeloodgieters.nl/;4.8;127;Nat King Colesingel 25 3069 XH Rotterdam;;;;;
Rotterdam;Loodgieter;Loodgieters Veenstra (MTS Service Group);+31 10 766 0119;https://loodgieters-veenstra.nl/loodgieter-rotterdam;5.0;8;Rotterdam;;+31858009944;https://www.facebook.com/loodgieters.veenstra;https://www.instagram.com/loodgieters.veenstra;https://www.linkedin.com/company/loodgieters-veenstra
Rotterdam;Loodgieter;Vloerverwarming Jansen;+31 85 109 8899;https://vloerverwarmingjansen.nl/;5.0;24;Maurice van Kleefstraat 10 3069 RZ Rotterdam;;31851098899, +31851098899;https://www.facebook.com/profile.php?id=61586352751951;https://www.instagram.com/vloerverwarmingjansen;
Rotterdam;Loodgieter;Stadi Installatietechniek;+31 10 521 0478;http://www.stadi.nl/;;;Christa Ehrlichhof 67 3059 LL Rotterdam;info@stadi.nl;+31105210478, +3110 521 0478;;;https://www.linkedin.com/company/stadi-installatietechniek-b-v
Rotterdam;Tandarts;Tandartsenpraktijk Tol;+31 10 482 6446;http://www.tandartsenpraktijktol.nl/;4.7;280;Backershagen 174 3078 SB Rotterdam;info@tandartsenpraktijktol.nl;010 4826446;;;
Rotterdam;Tandarts;Tandenwaard;+31 10 818 0165;http://www.tandenwaard.nl/;4.7;18;Oude Watering 263 3077 RG Rotterdam;info@tandenwaard.nl;;;;
Rotterdam;Tandarts;MONDZORGIJSSELMONDE;+31 10 751 5561;http://mondzorgijsselmonde.nl/;;;Ambachtsheerstraat 44 3077 GJ Rotterdam;;;;;
Rotterdam;Tandarts;Tandartspraktijk Keizerswaard;+31 10 303 7260;https://www.tandartskeizerswaard.nl/;4.8;63;Keizerswaard 22 3078 AM Rotterdam;info@tandartskeizerswaard.nl;010 303 7260, 0103037260;;;
Capelle aan den IJssel;Tandarts;SurgeryTime Dental;+31 6 46577465;https://surgerytimedental.com/;4.8;35;Rivium Boulevard 34 2909 LK Capelle aan den IJssel;info@surgerytimedental.com, klacht@surgerytimedental.com;;https://www.facebook.com/surgerytimedental;https://www.instagram.com/surgerytimedental;https://www.linkedin.com/company/surgerytime-dental
Rotterdam;Tandarts;R.r.m. Eijsink Tandarts;+31 10 482 3846;;5.0;10;Mirretuin 10 3078 KH Rotterdam;;;;;
Rotterdam;Fysiotherapie;Fysiotherapie Beverwaard (Zovida);+31 10 479 9641;https://zovida.nl/beverwaard/fysiotherapie/;4.8;6;Boxbergenstraat 11 3077 JS Rotterdam;;;;;
Rotterdam;Fysiotherapie;Fysiotherapie Rijnmond IJsselmonde;+31 10 438 6611;http://www.fysiotherapierijnmond.nl/;4.4;15;Backershagen 10 3078 SB Rotterdam;info@fysiotherapierijnmond.nl;0181745040;https://www.facebook.com/fysiotherapierijnmond;https://www.instagram.com/fysiotherapierijnmond;
Rotterdam;Tandarts;Max Dental Center B.V.;+31 10 720 0936;https://www.maxdentalcenter.nl/;3.5;76;Sportlaan 1 3078 WR Rotterdam;info@maxdentalcenter.nl;0031107200936;https://www.facebook.com/maxdentalcenter;;
Rotterdam;Tandarts;Hogadent;+31 10 483 0372;;4.2;5;Taselaarstraat 11 3078 VM Rotterdam;;;;;
Rotterdam;Tandarts;Tandartspraktijk Molenaar;+31 10 483 4800;http://www.tandartspraktijkmolenaar.nl/;4.8;13;Oude Watering 41 3077 XN Rotterdam;info@tandartspraktijkmolenaar.nl;;;;
Rotterdam;Fysiotherapie;Fysiotherapie Rijnmond Keizerswaard;+31 181 745 040;https://www.fysiotherapierijnmond.nl/IJsselmonde-keizerswaard;5.0;3;Herenwaard 38 3078 AK Rotterdam;info@fysiotherapierijnmond.nl;0181745040;https://www.facebook.com/fysiotherapierijnmond;https://www.instagram.com/fysiotherapierijnmond;
Rotterdam;Fysiotherapie;Cure+ Fysiotherapie;+31 10 307 2004;http://www.cureplus.nl/;5.0;1;Burgemeester Hazenberglaan 411 3078 HG Rotterdam;;+31103072004;https://www.facebook.com/FysiotherapieRotterdam;http://instagram.com/cureplus.zorgvoorbeweging;
Rotterdam;Fysiotherapie;SP Fysio;+31 10 482 7757;https://www.sp-fysio.nl/;;;Mirretuin 9 3078 KH Rotterdam;spfysio@hotmail.com;;https://www.facebook.com/profile.php?id=61569324099322;https://www.instagram.com/spfysio;
Rotterdam;Loodgieter;RLS Loodgieter;+31 6 28957553;https://rlsloodgieter.nl/;4.8;24;Rotterdam;info@rlsloodgieter.nl;0850606245;;;
Rotterdam;Loodgieter;Loodgieter Rotterdam Oost;+31 6 83849938;;5.0;83;Fascinatio Boulevard 216 3065 WB Rotterdam;;;;;
Rotterdam;Makelaardij;Van der Wiel Makelaardij;+31 10 497 8441;https://www.wielmak.nl/;4.5;132;Bredenoord 2 3079 JE Rotterdam;info@wielmak.nl;0104978441;https://facebook.com/wielmak;https://instagram.com/vanderwielmakelaardij;https://www.linkedin.com/company/vd-wiel-makelaardij
Rotterdam;Makelaardij;Makelaarskantoor Langejan;+31 10 272 0000;https://www.langejan.com/;4.2;25;Oudedijk 25 3062 AC Rotterdam;info@langejan.com;+31102720000;https://www.facebook.com/MakelaarskantoorLangejan;https://www.instagram.com/makelaarskantoorlangejan;https://www.linkedin.com/company/makelaarskantoor-langejan
Rotterdam;Makelaardij;Schieland Borsboom NVM Makelaars;+31 10 311 0011;https://www.schielandborsboom.nl/;4.5;58;Lichtenauerlaan 122 3062 ME Rotterdam;info@schielandborsboom.nl, zoetermeer@schielandborsboom.nl;;https://www.facebook.com/SchielandBorsboomMakelaars;https://www.instagram.com/schielandborsboom;https://www.linkedin.com/company/schieland-borsboom-nvm-makelaars
Rotterdam;Loodgieter;Installatiebedrijf Mano;+31 10 261 3132;https://www.installatiebedrijfmano.nl/;5.0;13;Rotterdam;info@installatiebedrijfmano.nl, %20info@installatiebedrijfmano.nl;0102613132, 0616197318;;;
Rotterdam;Makelaardij;Mansion Makelaardij;+31 10 307 6720;https://www.mansionmakelaardij.nl/;4.3;17;Fascinatio Boulevard 220 3065 WB Rotterdam;info@mansionmakelaardij.nl;+31103076720;https://www.facebook.com/Mansionmakelaardij;https://www.instagram.com/mansionmakelaardij;
Rotterdam;Vastgoedbeheer;Vastestate Vastgoedmanagement;+31 900 1402;http://www.vastestate.nl/;2.1;43;Kralingseweg 221 3062 CE Rotterdam;info@vastestate.nl;09001402;;;https://www.linkedin.com/company/vastestate-vastgoedmanagement
Rotterdam;Loodgieter;Larmonie Warmte & Klusbedrijf;+31 6 24182158;;5.0;7;Beesdestraat 62 3077 HB Rotterdam;;;;;
Rotterdam;Fysiotherapie;Fysiotherapie De Boei;+31 10 462 4955;http://www.fysiotherapiedeboei.nl/;5.0;46;Boeierstraat 3 3028 XA Rotterdam;;010 462 4955, 010 462 49 55;https://www.facebook.com/fysiotherapiedeboei;https://www.instagram.com/fysioplan;https://nl.linkedin.com/company/fysioplannl
Rotterdam;Fysiotherapie;Living-Fit Fysiotherapie Heijplaat;+31 10 416 3847;http://www.living-fit.nl/;5.0;3;Victorieuxstraat 80 3089 PX Rotterdam;info@living-fit.nl;0105217520, 0104163847;https://www.facebook.com/LivingFitFysioFitness;;
Rotterdam;Fysiotherapie;Fysiotherapie Mazzinilaan (J. van Hoorn);+31 6 15304358;http://www.fysiotherapiejvanhoorn.nl/;;;Streefkerkstraat 2A 3089 PW Rotterdam;jvhoornmelis@gmail.com;;;;
Rotterdam;Fysiotherapie;FYSIOPLAN Rotterdam;+31 10 462 4955;http://www.fysioplan.nl/;5.0;112;Van Nelleweg 1 gebouw 10 3044 BC Rotterdam;;010 462 49 55, 010 462 4955;https://www.facebook.com/share;https://www.instagram.com/fysioplan;https://nl.linkedin.com/company/fysioplannl
Rotterdam;Fysiotherapie;Fysiotherapie West;+31 10 262 2860;http://www.fysiotherapiewest.nl/;4.0;6;Mathenesserweg 46-A 3026 HC Rotterdam;;;;;
Rotterdam;Rijschool;Autorijschool Eminent;+31 10 456 3354;https://www.autorijschooleminent.nl/;4.8;26;Piet Mondriaansingel 42 3059 PG Rotterdam;autorijschooleminent@live.nl;;https://www.facebook.com/profile.php?id=100083551803505;;
Rotterdam;Rijschool;Autorijschool Rij Lekker;+31 10 455 3404;;4.6;59;Jan Sirksstraat 9 3059 TJ Rotterdam;;;;;
Rotterdam;Rijschool;Rotjeknor (Rijbewijsje);+31 6 34379425;http://rijbewijsjerotjeknor.nl/;5.0;66;Dirk Costerstraat 8 3069 WE Rotterdam;info@rijbewijsjerotjeknor.nl;;https://facebook.com/rijbewijsjerotjeknor;https://www.instagram.com/rijbewijsjerotjeknor;
Rotterdam;Rijschool;Rijschool Rotterdam;+31 6 41450215;https://rijschoolrotterdam.nl/;5.0;46;Albert Camusplaats 117 3069 BW Rotterdam;info@rijschoolrotterdam.nl;;;;
Rotterdam;Rijschool;OMW Rijschool;+31 6 29292522;https://rijschoolomw.nl/;5.0;87;Zevenkampse Ring 225 3068 PZ Rotterdam;info@rijschoolomw.nl;;https://www.facebook.com/rijschoolomw;https://www.instagram.com/rijschoolomw;
Rotterdam;Rijschool;Autorijschool FORZA;+31 6 28753501;http://rijschoolforza.nl/;4.9;58;Carry van Bruggensingel 101 3069 WD Rotterdam;;;;;
Rotterdam;Rijschool;Rij je Blij;+31 6 38057034;https://www.rijjeblij.nl/;;;Laurens van Kuikstraat 3059 TE Rotterdam;info@rijjeblij.nl;;https://facebook.com/rijjeblij.verkeersopleidingen;;
Rotterdam;Rijschool;LesGO (Remmelt Bruins Slot);+31 85 401 7199;https://lesgo.nl/;4.9;18;Adriaan Roland Holststraat 23 3069 WK Rotterdam;info@lesgo.nl;;http://facebook.com/LesGORijscholen;https://www.instagram.com/lesgo_verkeersscholen;https://www.linkedin.com/company/lesgo-bv
Rotterdam;Rijschool;Rijmeesters.nl;+31 6 37339088;http://www.rijmeesters.nl/;4.9;76;Hoornklaver 39 3069 DE Rotterdam;;0031637339088;https://www.facebook.com/rijmeesters.nl;https://www.instagram.com/rijmeesters;
Rotterdam;Rijschool;Rijschool Franklin;+31 6 21363615;https://rijschoolfranklin.nl/;5.0;30;Albert Schweitzerplaats 421 3069 GL Rotterdam;info@rijschoolfanklin.nl;;https://www.facebook.com/profile.php?id=61565961046107;https://www.instagram.com/rijschool.franklin;
Rotterdam;Advocaat;e-Legal incasso advocaten;+31 10 820 0284;https://e-legal.nl/;4.4;696;Prins Alexanderplein 9 3067 GC Rotterdam;info@e-legal.nl;+31108200284;https://www.facebook.com/pages/e-Legal-incasso-advocaten/100461526707744;https://www.instagram.com/e_legalincassoadvocaten;https://www.linkedin.com/company/2219054
Rotterdam;Advocaat;Het Lage Land Advocatenkantoor;+31 10 220 5722;;4.6;5;Marshallweg 47 3068 JN Rotterdam;;;;;
Rotterdam;Advocaat;SAR Advocaten;+31 10 313 8944;https://www.sar-advocaten.nl/;4.8;217;Mathenesserplein 99B 3023 LA Rotterdam;info@sar-advocaten.nl;0103138944;https://www.facebook.com/SARadvocaten;https://www.instagram.com/sar_advocaten;https://nl.linkedin.com/in/dsarikas
Rotterdam;Advocaat;Sett Advocaten;+31 10 313 2206;https://www.settadvocaten.nl/;5.0;55;Baan 34 H7 3011 CB Rotterdam;cmsett@settadvocaten.nl, klsett@settadvocaten.nl, tsui@settadvocaten.nl;0103132206, 010 313 2206;;;
Rotterdam;Advocaat;Moree Gelderblom;+31 10 477 6777;http://www.moreegelderblom.nl/;4.7;331;Heemraadssingel 157 3022 CE Rotterdam;;;;;https://www.linkedin.com/company/moree-gelderblom-advocaten
Rotterdam;Advocaat;SØRENSEN Advocaten;+31 10 249 2444;https://sorensenadvocaten.nl/;4.9;65;Turfweg 75 3065 AJ Rotterdam;;;https://www.facebook.com/SorensenAdvocaten;;
Rotterdam;Advocaat;Mieke Krol Advocaten;+31 10 820 8838;http://www.miekekrol.nl/;4.7;191;Kleiweg 151 3051 GN Rotterdam;secretariaat@miekekrol.nl;0641982083;https://www.facebook.com/miekekroladvocaten;https://www.instagram.com/miekekrol;https://www.linkedin.com/in/mieke-krol-48849677
Rotterdam;Advocaat;Defence Advocaten;+31 10 322 0005;http://www.defence-advocaten.com/;4.9;114;Jericholaan 44b 3061 HG Rotterdam;;;;;
Rotterdam;Advocaat;Hammersmith Advocatenkantoor;+31 10 226 3928;http://hammersmith.nl/;4.6;45;Achterharingvliet 38-40 3011 TC Rotterdam;info@hammersmith.nl;31102263928;;;https://www.linkedin.com/in/burctemeltasch
Rotterdam;Advocaat;Advocatenkantoor Van Hecke;+31 10 313 5256;http://www.advocatenkantoorvanhecke.nl/;5.0;58;Weena 290 3012 NJ Rotterdam;post@advocatenkantoorvanhecke.nl;+31103135256, +31618259175;;;
Rotterdam;Notaris;010Notaris;+31 10 767 1700;http://www.010notaris.nl/;3.7;93;Hoofdweg 236 3067 GJ Rotterdam;info@010notaris.nl;0107671700;https://www.facebook.com/010Notaris;;https://nl.linkedin.com/company/010notaris
Rotterdam;Notaris;Westvaer Rotterdam;+31 85 013 3600;https://westvaer.nl/;4.5;70;Weena 798 A 3014 DA Rotterdam;info@westvaer.nl;0031850810810;;https://www.instagram.com/westvaer;https://www.linkedin.com/company/westvaer-notarissen
Rotterdam;Notaris;De Randamie & Verstoep Notarissen;+31 10 433 0355;http://www.drv-notarissen.nl/;3.5;26;Posthoornstraat 13-15 3011 WD Rotterdam;notaris@drv-notarissen.nl;;;;
Rotterdam;Notaris;Nouwen Notarissen;+31 10 285 8686;http://www.nouwen-notarissen.nl/;3.8;11;Argonautenweg 17 3054 RP Rotterdam;info@nouwen-notarissen.nl, a.maxwell@nouwen-notarissen.nl, a.vanderwelle@nouwen-notarissen.nl;;https://www.facebook.com/nouwennotarissen;;https://www.linkedin.com/company/nouwen-notarissen
Rotterdam;Notaris;VAD Notarissen NV;+31 10 242 5400;http://www.vadnotarissen.nl/;3.3;7;Lichtenauerlaan 102 3062 ME Rotterdam;info@vadnot.nl;;https://www.facebook.com/VAD-Notarissen-348311298623253;;https://www.linkedin.com/company/vad-notarissen-n
Rotterdam;Notaris;Kooijman Autar Notarissen;+31 10 285 8888;https://www.kooijmanautar.nl/;3.8;72;Straatweg 7 3051 BA Rotterdam;info@kooijmanautar.nl;;https://www.facebook.com/kooijmanautar;https://www.instagram.com/kooijmanautar;https://nl.linkedin.com/company/kooijman-lambert-notarissen
Rotterdam;Notaris;Beurs Notaris;+31 10 313 6977;https://www.beursnotaris.nl/;3.4;16;Wilhelminaplein 1 40 3072 DE Rotterdam;info@beursnotaris.nl;0103136977;;;
Rotterdam;Notaris;Fokkema Linssen Notarissen;+31 10 476 2688;http://www.fokkemalinssen.nl/;3.2;29;Heemraadssingel 131 3022 CD Rotterdam;info@fokkemalinssen.nl;0104762688;https://www.facebook.com/FokkemaLinssen;;https://www.linkedin.com/company/fokkema-linssen-notarissen
Rotterdam;Huidtherapie;Huidtherapeut;+31 88 505 3200;http://www.huidtherapeut.nl/;4.7;52;Pegasusweg 200 3067 KX Rotterdam;info@huidtherapeut.nl;+31885053200;https://www.facebook.com/huidtherapienl;https://www.instagram.com/huidtherapeutnl;
Rotterdam;Schoonheid;HappyNesse BeautyCare;+31 6 53113517;http://www.happynesse.nl/;4.8;36;Ossip Zadkinestraat 19 3059 VL Rotterdam;info@happynesse.nl;0653113517;https://www.facebook.com/happynesse.beautycare;https://www.instagram.com/happynessebeautycare_;
Rotterdam;Huidtherapie;De Huidtherapie Kliniek Rotterdam;+31 10 314 0006;https://www.dehuidtherapiekliniek.nl/;4.6;123;Bergselaan 319C 3038 CH Rotterdam;info@dehuidtherapiekliniek.nl;;https://www.facebook.com/dehuidtherapiekliniek;https://www.instagram.com/dehuidtherapiekliniek.nl;
Rotterdam;Huidtherapie;De Huidkliniek;+31 88 224 0300;https://dehuidkliniek.nl/;4.7;58;Westblaak 101 3012 JJ Rotterdam;;0882240300;https://www.facebook.com/DeHuidkliniek;https://www.instagram.com/dehuidkliniek.nl;
Rotterdam;Huidtherapie;Derma Sensation Rotterdam;+31 10 307 4815;http://www.dermasensation.nl/;4.3;125;Jacob van Campenplein 124 3067 KV Rotterdam;;;;;
Rotterdam;Huidtherapie;Dermarose;+31 10 785 3592;https://www.dermarose.nl/;4.8;60;Bergweg 301A 3037 EN Rotterdam;info@dermarose.nl;;https://www.facebook.com/dermaroselaserenhuidtherapie;https://www.instagram.com/dermarose_huidkliniek;
Rotterdam;Huidtherapie;Cosmetique Totale Rotterdam Noord;+31 85 902 2080;https://www.cosmetique-totale.com/;4.7;110;Jonker Fransstraat 114a 3031 AX Rotterdam;;;;;
Rotterdam;Huidtherapie;skin-prof;+31 6 31926001;https://www.skin-prof.nl/;5.0;70;Nieuwe Binnenweg 91 3014 PA Rotterdam;;;https://www.facebook.com/Skin-prof-huid-en-oedeemtherapie-964864357034212;https://www.instagram.com/skinprof.huidtherapie;
Rotterdam;Huidtherapie;Apollo Huid- en Laserkliniek;+31 10 261 5015;https://www.apollobeauty.nl/;4.8;217;Pannekoekstraat 80A 3011 LM Rotterdam;;+0102615015, +31102615015;https://www.facebook.com/apollobeautyrotterdam;https://www.instagram.com/apollobeauty_;
Rotterdam;Schoonheid;Noor Skin Clinic;+31 6 85389856;http://www.noorclinics.nl/;5.0;336;Vliekplein 13 3077 PR Rotterdam;info@noorclinics.nl;+31685389856;;https://www.instagram.com/noorskinclinic;
Rotterdam;Schoonheid;Beleza Beautycentrum;+31 6 55707154;http://www.belezabeautycentrum.nl/;4.6;88;Nijenrodeweg 24 3077 ES Rotterdam;belezanailsstudio@gmail.com;;https://facebook.com/profile.php?id=100080377977779;https://www.instagram.com/belezabeautycentrum;https://linkedin.com/in/liliane-silva-27872575
Rotterdam;Schoonheid;Rotterdam Lash and Brow;+31 6 38075774;https://instagram.com/rotterdam_lash_brow;5.0;57;Kameraarstraat 3 3077 GX Rotterdam;;;;;
Rotterdam;Schoonheid;Perfect Laser & Beauty;+31 6 34272951;http://www.perfectlaserbeauty.nl/;5.0;12;Spitsenhagen 17 3078 BN Rotterdam;info@perfectlaserbeauty.nl;;;https://www.instagram.com/perfectlaserbeauty;
Rotterdam;Schoonheid;Sense of Self Beauty Studio;+31 6 41750710;;;;Jan Schoutenstraat 29 3065 PD Rotterdam;;;;;
Rotterdam;Schoonheid;Danielle's schoonheidssalon en pedicure;+31 6 39232441;http://danielleschoonheids-pedicuresalon.nl/;5.0;19;IJsselmondselaan 189b 3064 AS Rotterdam;schoonheidssalondanielle23@gmail.com;;https://facebook.com/daniellesschoonheidssalonenpedicure;https://instagram.com/schoonheidssalon_en_pedicure;
Rotterdam;Nagelstudio;Nailbar 010;+31 6 18712340;http://www.nailbar010.nl/;4.8;25;Eckartstraat 47 3077 XD Rotterdam;;;;;
Rotterdam;Schoonheid;Jehona Nails & Beauty;+31 6 34117327;https://www.jehonanailsbeauty.com/;5.0;1;Oude Watering 188 3077 RD Rotterdam;;;;;
Rotterdam;Schoonheid;Avalon Beauty Salon;+31 6 14318173;;5.0;5;Backershagen 176 a 3078 SB Rotterdam;;;;;
Rotterdam;Nagelstudio;Susie Nails Rotterdam;+31 6 84637010;https://www.susienailsrotterdam.nl/;5.0;1;Benedenrijweg 231 3077 CD Rotterdam;rzrk@seznam.cz;;;;
Rotterdam;Dierenarts;AniCura Dierenkliniek Capelle;+31 10 450 2916;http://www.anicura.nl/rotterdam-capelle;4.4;237;Kralingseweg 343 3065 RC Rotterdam;capelle@anicura.nl;;https://www.facebook.com/AniCuraNederland;https://www.instagram.com/anicura.nl;https://nl.linkedin.com/company/anicura-nederland
Rotterdam;Dierenarts;Basic Vets Clinic;+31 85 822 1500;http://www.basicvets.nl/;4.4;330;Riekeroord 15 3079 LT Rotterdam;;0858221500, 0854877090;https://www.facebook.com/basicvetsdierenartsen;https://www.instagram.com/basicvets;
Rotterdam;Dierenarts;Dierenkliniek IJsselmonde;+31 85 273 1919;https://www.dierenkliniekridderkerk.nl/;4.4;238;Kerstendijk 7 3079 ET Rotterdam;;;https://www.facebook.com/dierenkliniekridderkerk;https://www.instagram.com/dierenkliniekridderkerk;https://nl.linkedin.com/company/dierenkliniekridderkerk
Rotterdam;Dierenarts;Dierenziekenhuis Rotterdam;+31 10 492 5151;http://www.dierenziekenhuis.nl/;3.8;179;Pascalweg 4 3076 JP Rotterdam;info@dierenziekenhuis.nl, binnenweg@dierenziekenhuis.nl;+31104925151;https://www.facebook.com/Dierenziekenhuisnl;https://www.instagram.com/dierenziekenhuis_rotterdam;
Rotterdam;Dierenarts;AniCura Dierenkliniek Kralingen;+31 10 414 5049;http://www.anicura.nl/rotterdam-kralingen;4.5;175;Oostzeedijk Beneden 93-95 3061 VP Rotterdam;kralingen@anicura.nl;;https://www.facebook.com/AniCuraNederland;https://www.instagram.com/anicura.nl;https://nl.linkedin.com/company/anicura-nederland
Rotterdam;Dierenarts;Dierenkliniek Rotterdam Zuid;+31 10 429 0178;https://www.dierenkliniekrotterdamzuid.nl/;4.5;595;Roerdomplaan 2 3084 NM Rotterdam;;;https://www.facebook.com/dierenkliniekrotterdamzuid;https://www.instagram.com/dierenzorggroeprotterdam;https://www.linkedin.com/company/dierenzorggroep-rotterdam
Rotterdam;Dierenarts;Dierenkliniek D.C.I. van der Star;+31 10 291 0060;http://www.dierenkliniekvanderstar.nl/;4.7;354;La Fontainestraat 7 3076 VE Rotterdam;dierenartsvanderstar@gmail.com;;https://www.facebook.com/DCIvanderStar;;
Rotterdam;Dierenarts;Dierenkliniek Kralingen;+31 10 452 6695;http://dierenkliniekkralingen.nl/;4.7;295;Oudedijk 197B 3061 AD Rotterdam;post@dierenkliniekkralingen.nl;0104526695;https://www.facebook.com/dierenkliniekkralingen;https://www.instagram.com/dierenkliniekkralingen;
Rotterdam;Dierenarts;AniCura Ommoord-Hillegersberg;+31 10 420 6666;http://www.anicura.nl/rotterdam-ommoord-hillegersberg;4.0;209;Ommoordseweg 25 3056 JN Rotterdam;Ommoord@anicura.nl;;https://www.facebook.com/AniCuraNederland;https://www.instagram.com/anicura.nl;https://nl.linkedin.com/company/anicura-nederland
Rotterdam;Kapper;SemSalon;+31 6 25114856;http://semsalon.nl/;5.0;22;Waardenburgdam 15 3077 JM Rotterdam;infosemsalon@gmail.com;(06)25114856;;https://instagram.com/SemSalon_hairstylist;
Rotterdam;Kapper;Hair By Jerusalem;+31 6 44440478;;5.0;41;Backershagen 10B 3078 SB Rotterdam;;;;;
Rotterdam;Kapper;Kapsalon Beverwaard;+31 10 482 1317;;3.7;3;Schinnenbaan 130 3077 JJ Rotterdam;;;;;
Rotterdam;Kapper;Take C'hair Rotterdam;+31 10 202 3252;https://www.take-chair.nl/rotterdam;4.7;94;Jacques Dutilhweg 197 3065 KA Rotterdam;;010 202 32 52;https://www.facebook.com/takechairprinsenland;https://www.instagram.com/takechair;
Rotterdam;Kapper;Kapsalon Hairfy;+31 6 48106699;;4.8;121;Prinsenplein 56 a 3078 GX Rotterdam;;;;;
Rotterdam;Kapper;Kapsalon Feijenoord;+31 6 12790886;http://kapsalonfeijenoord.nl/;4.7;60;Nieuwenoord 261 3079 LK Rotterdam;;;https://www.facebook.com/profile.php?id=61559892290741;https://www.instagram.com/Kapsalonfeijenoord1;
Rotterdam;Kapper;BrainWash Kappers IJsselmonde;+31 10 820 8739;https://www.brainwash-kappers.nl/;4.1;167;Kouwenoord 85 3079 LG Rotterdam;;;https://www.facebook.com/BrainWashKappers;https://www.instagram.com/brainwash_kappers;
Rotterdam;Kapper;Hatam Kapsalon;+31 6 81557971;;4.5;200;Keizerswaard 17 3078 AL Rotterdam;;;;;
Rotterdam;Kapper;KapsalonWahid;+31 10 795 1895;https://kapsalonwahid.nl/;4.8;96;Samuel Esmeijerplein 12 3067 HP Rotterdam;kapsalonwahid@gmail.com;+31615144947, 0107951895;;https://www.instagram.com/kapsalon_wahid;
Rotterdam;Autobedrijf;Aura Car Center;+31 10 291 9404;https://www.auracarcenter.nl/;4.8;45;Cannenburchstraat 145 3077 PC Rotterdam;info@auracarcenter.nl;;;;
Rotterdam;Autobedrijf;Autobedrijf Rotterdam;+31 10 795 3461;http://www.autobedrijfrotterdam.com/;4.8;343;Berkenwoudestraat 15 3076 JA Rotterdam;info@autobedrijfrotterdam.com;0107953461, 06 12 777 808;;;
Rotterdam;Autobedrijf;Autocenter Mollevanger;+31 10 482 3858;https://www.automollevanger.nl/;4.0;42;Beverwaardseweg 293 3077 GL Rotterdam;;;;;
Rotterdam;Autobedrijf;Falak Autobedrijf;+31 10 314 0683;https://falakautobedrijf.nl/;4.6;48;Benedenrijweg 447 3077 CJ Rotterdam;info@falakautobedrijf.nl, werkplaats@falakautobedrijf.nl;0103140683;;;
Rotterdam;Autobedrijf;Autobedrijf Mondial;+31 6 55320991;http://www.automondial.nl/;3.5;42;Benedenrijweg 219 3077 CD Rotterdam;post@automondial.nl;;https://www.facebook.com/renenu50;;
Rotterdam;Autobedrijf;IJsselmonde Autos;+31 10 846 1225;http://www.ijsselmonde-autos.nl/;4.8;87;Burgemeester van Slijpelaan 3B 3077 AC Rotterdam;info@ijsselmonde-autos.nl;0108461225;https://www.facebook.com/IJsselmonde-Autos-110198374804321;https://www.instagram.com/ijsselmonde_autos;
Rotterdam;Autobedrijf;Servicestation Tuinenhoven (Broekhuizen);+31 10 482 0649;;4.8;52;Taselaarstraat 9 3078 VM Rotterdam;;;;;
Rotterdam;Autobedrijf;Fiat Zeeuw Automotive;+31 10 202 0561;https://www.zeeuw.nl/;4.4;225;Jacques Dutilhweg 443 3065 HJ Rotterdam;;;https://www.facebook.com/zeeuwautomotive;https://www.instagram.com/zeeuw_automotive;https://www.linkedin.com/company/zeeuw-automotive
Rotterdam;Autobedrijf;Autoservice DIJK;+31 10 237 3900;http://autoservicedijk.nl/;4.9;621;Huniahof 2 3079 ER Rotterdam;//www.google.com/maps/place/Autoservice+DIJK/@51.8813204, info@autoservicedijk.nl;0102373900;;;
Capelle aan den IJssel;Tandarts;De Tandarts Dichtbij;+31 10 310 5211;https://www.detandartsdichtbij.nl/;3.7;3;Hollandsch Diep 63p 2904 EP Capelle aan den IJssel;info@detandartsdichtbij.nl;+31103105211, 0103105211;https://www.facebook.com/detandartsdichtbij;https://www.instagram.com/detandartsdichtbij;https://www.linkedin.com/company/detandartsdichtbij
Capelle aan den IJssel;Tandarts;Dental Network Capelle Centrum;+31 10 766 7000;https://www.dentalnetwork.nl/;4.5;429;Duikerlaan 262 2903 AC Capelle aan den IJssel;capellecentrum@dentalnetwork.nl, fascinatio@dentalnetwork.nl, oostgaarde@dentalnetwork.nl;010 451 6144, 010 766 7000;;;
Capelle aan den IJssel;Tandarts;Match Tandartsen;+31 10 442 0098;http://www.matchtandartsen.nl/;4.7;274;Stellingmolen 14 2906 SH Capelle aan den IJssel;info@matchtandartsen.nl;0104420098;;;
Capelle aan den IJssel;Tandarts;Tjan Tandheelkunde;+31 10 258 1808;http://tjantandheelkunde.nl/;4.8;17;Voltairetuin 2 2908 XJ Capelle aan den IJssel;info@tjantandheelkunde.nl;0102229797, 0104552155;https://www.facebook.com/Tjaninvisalign;https://www.instagram.com/tjantandheelkunde;
Capelle aan den IJssel;Tandarts;Dental Clinique;+31 10 503 6127;https://dentalclinique.nl/;5.0;16;De Linie 5C 2905 AX Capelle aan den IJssel;info@dentalclinique.nl;0105036127;;;
Capelle aan den IJssel;Tandarts;Dental Network Capelle Oostgaarde;+31 10 451 8228;https://www.dentalnetwork.nl/;4.7;98;De Linie 14 2905 AX Capelle aan den IJssel;capellecentrum@dentalnetwork.nl, fascinatio@dentalnetwork.nl, oostgaarde@dentalnetwork.nl;010 451 6144, 010 766 7000;;;
Vlaardingen;Tandarts;Tandartsenpraktijk Vlaardingen;+31 10 307 5487;http://www.tpvlaardingen.nl/;4.1;60;Reigerlaan 28-30 3136 JK Vlaardingen;;;;;
Vlaardingen;Tandarts;Tandartsenpraktijk Vlaardingen-Oost;+31 10 434 8666;http://www.tpvlaardingenoost.nl/;4.4;62;Schiedamseweg 153 3134 BH Vlaardingen;info@tpvlaardingenoost.nl;0104348666;https://www.facebook.com/tpvoost;;
Vlaardingen;Tandarts;Tandartspraktijk Vlaardingen Holy;+31 10 474 1966;https://www.tandartspraktijkvlaardingenholy.nl/;3.7;3;Churchillsingel 410 3137 XB Vlaardingen;info@tpvholy.nl, info@tpvlaardingenholy.nl;010 4741966;;;
Vlaardingen;Tandarts;Tandartspraktijk Vlaardingen Ambacht;+31 10 434 3332;https://www.tandartspraktijkambacht.nl/;4.7;33;Voorstraat 39 3135 HW Vlaardingen;info@TPambacht.nl, info@tpambacht.nl;;https://www.facebook.com/tandartspraktijktambacht;https://www.instagram.com/tandartspraktijkambacht;
Vlaardingen;Tandarts;Hogendorp Dental;+31 10 303 6739;https://www.hogendorpdental.nl/;4.9;21;Van Hogendorplaan 905 3135 BK Vlaardingen;receptie@hogendorpdental.nl;31103036739;;;
Schiedam;Loodgieter;Loodgietersbedrijf van Arkel;+31 10 473 8036;http://www.loodgietervanarkel.nl/;4.7;69;Gerardus Blankenheymstraat 43 3117 ZA Schiedam;vanarkel@kpnplanet.nl;+31654984510, 0104738036;;;
Schiedam;Loodgieter;Jeroen Verkade Loodgieter/Dakwerk;+31 6 51212974;http://jeroen-verkade.nl/;5.0;18;Polderweg 160 3125 KG Schiedam;info@jeroen-verkade.nl;;;;
Schiedam;Loodgieter;Loodgietersbedrijf J.J. Petit;+31 10 471 4879;http://www.loodgietersbedrijfpetit.nl/;4.2;18;Groeneweg 52 3124 KA Schiedam;;;;;
Steenbergen;Loodgieter;Oomen Loodgieters;+31 6 10067006;http://etten-leur-loodgieter.nl/;5.0;47;Vriezendijk 11 4651 ZS Steenbergen;;;;;
Schiedam;Loodgieter;HS-Rioolservice;+31 6 38139909;https://hs-rioolservice.nl/;4.9;39;Cartesiusstraat 31A 3112 XK Schiedam;info@hs-rioolservice.nl;+31638139909, 0638139909;;;
Schiedam;Loodgieter;LIPS Riool;+31 6 10529779;https://lipsriool.nl/;5.0;54;Blikslagerstraat 25 3123 PL Schiedam;info@lipsriool.nl;;https://www.facebook.com/profile.php?id=61568584284239;https://www.instagram.com/lipsriool;https://www.linkedin.com/company/lips-riool
Dordrecht;Fysiotherapie;Fysiotherapie Dubbeldam;+31 78 616 0536;https://www.fysio-dubbeldam.nl/;4.8;59;Gravensingel 1009 3319 EV Dordrecht;info@fysio-dubbeldam.nl;0786160536;https://www.facebook.com/fysiotherapiedubbeldam;https://www.instagram.com/fysiotherapiedubbeldam;
Dordrecht;Fysiotherapie;Paramedisch Centrum Drechtsteden;+31 78 202 1022;http://paramedischcentrumdrechtsteden.nl/;5.0;129;Jan Valsterweg 54 3315 LG Dordrecht;info@pamedre.nl, mail@pamedre.nl;0782021022, 078 202 10 22;;;
Dordrecht;Fysiotherapie;Spierea Fysiotherapie (OneFysio);+31 78 204 9198;http://www.spierea.nl/;5.0;12;Spirea 9 3317 JP Dordrecht;info@spierea.nl, info@spirea.nl;0782049198;https://www.facebook.com/spierea;https://www.instagram.com/spiereafysiotherapie;
Dordrecht;Fysiotherapie;Fysico Next;+31 6 16314484;https://www.fysicodordrecht.nl/;5.0;7;Vissersdijk Beneden 30 3319 GW Dordrecht;info@fysicodordrecht.nl, next@fysicodordrecht.nl, nextlevel@fysicodordrecht.nl;;https://www.facebook.com/fysicodordrecht;https://www.instagram.com/fysico_dordrecht;
Dordrecht;Fysiotherapie;Fysiotherapie van de Koppel;+31 6 12231191;https://www.fysiotherapievandekoppel.nl/;5.0;20;Amnesty Internationalweg 35 3318 AZ Dordrecht;info@fysiotherapievandekoppel.nl;0612231191;https://www.facebook.com/fysiovandekoppel;https://www.instagram.com/fysiovandekoppel;
Dordrecht;Fysiotherapie;FysiCo;+31 78 200 1620;http://www.fysicodordrecht.nl/;5.0;52;Oranjelaan 11 3311 DH Dordrecht;info@fysicodordrecht.nl, next@fysicodordrecht.nl, nextlevel@fysicodordrecht.nl;;https://www.facebook.com/fysicodordrecht;https://www.instagram.com/fysico_dordrecht;
Spijkenisse;Loodgieter;MR Loodgieter Spijkenisse;+31 85 019 8272;https://mrloodgieterspijkenisse.nl/;5.0;2;Curieweg 7 3208 KJ Spijkenisse;contact@mrloodgieterspijkenisse.nl;+31850198272;https://www.facebook.com/Loodgieter-in-spijkenisse-109920987585534;;https://www.linkedin.com/company/loodgieter-spijkenisse
Spijkenisse;Loodgieter;AA Loodgieter-Installatie;+31 6 41375921;https://www.aaloodgieter.nl/;5.0;19;Wagnerlaan 39 3208 BN Spijkenisse;info@aenfloodgieter.nl, info@aaloodgieter.nl;0641375921, 0181-847278;https://www.facebook.com/profile.php?id=100086260788333;https://www.instagram.com/aa_loodgieter;
Spijkenisse;Loodgieter;Sanitair Service Bubbels;+31 6 25274077;http://www.loodgietersbedrijfsanitairservicebubbels.nl/;4.9;56;Elementenweg 22 3201 LG Spijkenisse;;;;;
Spijkenisse;Loodgieter;Wolthuis Rioolservice;+31 181 201 919;http://www.wolthuisrioolservice.nl/;4.8;65;Edisonweg 7-05 3208 KB Spijkenisse;info@wolthuisrioolservice.nl;0181201919, 0181 201919;https://www.facebook.com/wolthuisrioolservice;https://www.instagram.com/wolthuisrioolservice;
Spijkenisse;Loodgieter;Loodgieter Bakr;+31 6 40755336;https://loodgieterbakr.nl/;4.6;14;Spijkenisse;support@loodgieterbakr.nl;0640755336;;;
Spijkenisse;Loodgieter;LVDS Loodgieters;+31 6 14953410;https://www.lvdsloodgieters.nl/;5.0;6;Spijkenisse;;;;;
Capelle aan den IJssel;Fysiotherapie;FysioCapelle;+31 10 264 0440;http://www.fysiocapelle.nl/;4.3;50;Filosofentuin 2A 2908 XB Capelle aan den IJssel;info@fysiocapelle.nl;0102640440, +31102640440;;;
Capelle aan den IJssel;Fysiotherapie;FS Fysio Schenkel;+31 10 451 6539;http://www.fsfysio.nl/;4.4;23;Bermweg 276 2906 LH Capelle aan den IJssel;info@fsfysio.nl, schenkel@fsfysio.nl, fascinatio@fsfysio.nl;;https://www.facebook.com/fsfysio;;
Capelle aan den IJssel;Fysiotherapie;Level Fysiotherapie;+31 10 321 6817;https://www.levelfysiotherapie.nl/;4.7;13;De Linie 3d 2905 AX Capelle aan den IJssel;info@levelpt.nl, fysiotherapie@levelpt.nl;;https://www.facebook.com/Levelpersonaltraining;https://www.instagram.com/levelpt;
Capelle aan den IJssel;Fysiotherapie;Fysiotherapie Heiszwolf;+31 10 451 5109;http://www.fysiotherapieheiszwolf.nl/;4.4;14;Bisletweg 2 2905 AW Capelle aan den IJssel;;;;;
Capelle aan den IJssel;Fysiotherapie;Fysiotherapie van Gurp;+31 6 28329182;;4.8;48;Rembrandtsingel 5 2902 GR Capelle aan den IJssel;;;;;
Capelle aan den IJssel;Fysiotherapie;RM Fysio & Performance;+31 6 16013934;https://rmfysioperformance.nl/;4.9;207;Molenbaan 18 2908 LM Capelle aan den IJssel;info@rmfysio.nl;;;https://www.instagram.com/rm_fysioperformance;https://www.linkedin.com/company/rm-fysio-performance
Barendrecht;Loodgieter;Loodgieter N.A.J. den Drijver;+31 180 613 308;http://www.najdendrijver.nl/;3.7;34;Achterom 67 2991 CP Barendrecht;info@najdendrijver.nl;+31180613308;;;
Barendrecht;Loodgieter;RMinstallaties;+31 6 20757959;https://www.rminstallaties.nl/;4.8;68;Evertsenstraat 2992 BG Barendrecht;;;;;
Barendrecht;Loodgieter;Loodg.-/Installatiebedrijf v.d. Laan;+31 180 558 022;https://www.laanbv.nl/;3.8;12;Arnhemseweg 7b/c 2994 LA Barendrecht;info@laanbv.nl;;;;
Barendrecht;Loodgieter;SDG Onderhoud;+31 6 40942639;http://www.sdg-onderhoud.nl/;5.0;20;Rozenhout 30 2994 HN Barendrecht;info@sdg-onderhoud.nl;0640942639;;;
Barendrecht;Loodgieter;Loodgietersbedrijf Barendrecht;+31 180 711 134;;2.5;2;Barendrecht;;;;;
Capelle aan den IJssel;Loodgieter;MR Loodgieter Capelle;+31 10 261 5351;https://mrloodgietercapelleaandenijssel.nl/;5.0;1;Rietbaan 42 2908 LP Capelle aan den IJssel;contact@mrloodgietercapelleaandenijssel.nl;+31102615351;https://www.facebook.com/Loodgieter-in-Capelle;;https://www.linkedin.com/company/loodgieter-capelleaandenijssel
Capelle aan den IJssel;Loodgieter;Loodgieter en Rioolservice;+31 10 307 0750;https://loodgieterenrioolservice.nl/;4.9;34;Bijendans 2 2907 TA Capelle aan den IJssel;;;;;
Nieuwerkerk aan den IJssel;Loodgieter;Loodgieter aan den IJssel;+31 180 700 208;https://loodgieteraandenijssel.nl/;5.0;9;Steenbakkerij 52 2913 LJ Nieuwerkerk aan den IJssel;info@loodgieteraandenijssel.nl;+31180700208;;;
Capelle aan den IJssel;Loodgieter;Noodgieter;+31 85 333 2583;https://www.noodgieter.com/;4.9;14;Chopinstraat 2901 EG Capelle aan den IJssel;;;;;
Capelle aan den IJssel;Loodgieter;De Witte-De Witte Installatietechniek;+31 10 450 3314;http://www.dewitte-dewitte.nl/;4.6;25;Kompasstraat 24 2901 AM Capelle aan den IJssel;info@dewitte-dewitte.nl;;https://www.facebook.com/De-Witte-de-Witte-installatietechniek;;
Schiedam;Tandarts;Tandartspraktijk Schiedam-Noord;+31 10 313 0703;https://www.tandartspraktijkschiedam-noord.nl/;5.0;126;Malmö 74 3124 KG Schiedam;gebruiker@domein.com, info@tandartspraktijkschiedam-noord.nl;0103130703;;http://instagram.com/tandartspraktijkschiedamnoord;
Schiedam;Tandarts;Tandheelkundige Kliniek Schiedam;+31 10 426 3338;http://www.tandartsvanschiedam.nl/;4.8;564;'s-Gravelandseweg 612 3119 NA Schiedam;info@tandartsvanschiedam.nl;+31104263338, +0104263338;;;
Schiedam;Tandarts;Tandartspraktijk Schiedam Centrum;+31 10 426 4062;http://www.tandartspraktijksc.nl/;5.0;7;Broersveld 85 3111 LD Schiedam;info@tandartspraktijksc.nl;;https://www.facebook.com/profile.php?id=61565697755950;;
Schiedam;Tandarts;Tandarts Schiedam Groepspraktijk;+31 10 273 3571;http://www.tandarts-schiedam.nl/;4.3;150;'s-Gravelandseweg 622 3119 ND Schiedam;info@tandarts-schiedam.nl;;;;
Schiedam;Tandarts;Tandheelkundig Centrum Kethel;+31 10 247 0307;http://www.tckethel.nl/;4.6;64;Koekoekslaan 41 3121 XJ Schiedam;;;;;
Schiedam;Tandarts;Qdent BV Tandarts Schiedam;+31 10 473 7348;http://www.qdentbv.nl/;4.7;90;Monseigneur Nolenslaan 59 3119 EA Schiedam;info@qdentbv.nl;;;;
Schiedam;Fysiotherapie;Soeplr. Fysiotherapie;+31 10 322 0806;https://www.soeplr.nl/;4.9;31;Jan van Galenstraat 11 3115 JG Schiedam;welkom@soeplr.nl, Welkom@soeplr.nl;0103220806, +31103220806;https://www.facebook.com/profile.php?id=61554376501190;https://www.instagram.com/soeplr.fysio;http://Linkedin.com/company/soeplr
Schiedam;Fysiotherapie;Fysiotherapie Schiedam-West;+31 10 426 9938;https://www.fysiotherapieschiedamwest.nl/;4.6;10;Sint Liduinaplein 2 3117 BL Schiedam;info@fysiotherapieschiedamwest.nl;;www.facebook.com/Fysiotherapie-Schiedam-West-673154549390642;;
Schiedam;Fysiotherapie;Fysiotherapie Bachplein;+31 10 471 1426;http://www.pmcschiedam-vlaardingen.nl/;4.5;12;Bachplein 588 3122 JM Schiedam;;;;;
Schiedam;Fysiotherapie;Fysiotherapie Schiedam-Noord;+31 10 449 2323;https://fysiotherapieschiedamnoord.nl/;5.0;1;Schiedamseweg 41 G H 3121 JE Schiedam;info@fysiotherapieschiedamnoord.nl;0104492323;https://www.facebook.com/fysiotherapieschiedamnoord;;https://www.linkedin.com/company/fysiotherapie-schiedam-noord
Schiedam;Fysiotherapie;Paramedisch Centrum de Nieuwe Dam;+31 10 789 1600;http://www.denieuwedam.nl/;3.8;19;Nieuwe Damlaan 845 3119 AT Schiedam;admin@denieuwedam.nl, info@denieuwedam.nl;;https://www.facebook.com/schiedamfysiotherapie;;
Schiedam;Fysiotherapie;MyoFysio Fysiotherapie;+31 6 45607597;http://www.myofysio.nl/;5.0;7;Pr. Beatrixlaan 4 3121 JN Schiedam;mymail@mailservice.com, info@myofysio.nl;;https://facebook.com/253659345046080;;https://linkedin.com/in/orkun-buyukyilmaz-43327231
Dordrecht;Tandarts;Total Dental Tandartsen;+31 78 617 4588;https://www.totaldentaltandartsen.nl/;4.9;121;Groen van Prinstererweg 1a 3317 SJ Dordrecht;info@totaldentaltandartsen.nl;0786174588;https://www.facebook.com/profile.php?id=61570397125122;;
Dordrecht;Tandarts;Tandartsencentrum Dordrecht;+31 78 618 6361;http://www.tandheelkundedordrecht.nl/;4.6;114;Maarten Harpertsz Trompweg 225B 3317 BS Dordrecht;info@tandheelkunde.eu;078 618 63 61, 0786186361;;;
Dordrecht;Tandarts;Mondzorg Dordrecht;+31 78 614 3988;http://www.mondzorgdordrecht.nl/;4.3;239;Van Godewijckstraat 50 3311 GX Dordrecht;info@mondzorgdordrecht.nl;0786143988;https://www.facebook.com/mondzorgdordt;https://www.instagram.com/mondzorg_dordrecht;
Dordrecht;Tandarts;Tandartspraktijk Admiraal;+31 78 780 2389;http://www.tandartspraktijkadmiraal.nl/;4.8;122;Admiraalsplein 12 3317 BA Dordrecht;info@tandartspraktijkadmiraal.nl;0787802389;;;
Dordrecht;Tandarts;Dental Clinics Dordrecht Singel;+31 78 613 5444;https://www.dentalclinics.nl/;4.6;441;Singel 333 3311 HE Dordrecht;;;https://www.facebook.com/DentalClinicsNL;https://www.instagram.com/dentalclinicsnl;https://linkedin.com/company/dental-clinics-nederland
Dordrecht;Tandarts;Dental Clinics Dordrecht Kuipershaven;+31 78 613 5133;https://www.dentalclinics.nl/;4.7;244;Schrijversstraat 2A 3311 BP Dordrecht;;;https://www.facebook.com/DentalClinicsNL;https://www.instagram.com/dentalclinicsnl;https://linkedin.com/company/dental-clinics-nederland
Vlaardingen;Fysiotherapie;Fysiotherapie Hoog Lede;+31 10 474 8677;http://www.fysiohooglede.nl/;4.9;61;Francijntje de Kadtlaan 44P 3136 LR Vlaardingen;info@fysiohooglede.nl;;https://www.facebook.com/fysiotherapiehooglede;https://www.instagram.com/fysiohooglede;https://www.linkedin.com/company/fysiotherapiehooglede
Vlaardingen;Fysiotherapie;Westdijk Fysiotherapie;+31 10 434 7573;https://www.fysiowestdijk.nl/;4.7;15;Hoflaan 43a 3134 AC Vlaardingen;info@fysiowestdijk.nl;;;;
Vlaardingen;Fysiotherapie;Maatschap Fysiotherapie Holy;+31 10 433 7440;http://www.fysiotherapievlaardingen.nl/;4.7;26;Louise de Colignylaan 7 3136 NL Vlaardingen;info@fysiotherapievlaardingen.nl;010 433 74 40;;;
Vlaardingen;Fysiotherapie;Holystaete FT (Churchillsingel);+31 10 474 3697;http://www.holystaeteft.nl/;4.8;10;Churchillsingel 400 3137 XB Vlaardingen;info@holystaeteft.nl;;www.facebook.com/holystaetefysiotherapie;https://www.instagram.com/holystaeteft;
Vlaardingen;Fysiotherapie;Fysio Westwijk;+31 10 434 1177;http://fysiowestwijk.nl/;4.6;13;Dirk de Derdelaan 41 3132 HA Vlaardingen;info@fysiowestwijk.nl;;;;
Vlaardingen;Fysiotherapie;Fernhout Fysiotherapie;+31 10 474 8200;http://www.fernhoutfysiotherapie.nl/;4.9;103;Zwanensingel 9 3136 GZ Vlaardingen;info@fernhoutfysiotherapie.nl;010 474 82 00;https://www.facebook.com/FernhoutFysiotherapie;https://www.instagram.com/fernhoutfysiotherapie;https://www.linkedin.com/company/fernhout-fysiotherapie
Den Haag;Loodgieter;Loodgieter Den Haag (Rionex);+31 6 26144204;https://loodgieterdenhaag-bv.nl/;4.9;402;;;;;;
Den Haag;Loodgieter;Loodgieter Den Haag J.O.P;+31 6 13190539;https://loodgieterdenhaagjop.nl/;5.0;109;;info@loodgieterdenhaagjop.nl;+31613190539;;;
Den Haag;Loodgieter;ZEO Den Haag;+31 85 130 4053;https://www.zeoloodgieters.nl/;5.0;112;;info@zeoloodgieters.nl;;;;
Den Haag;Loodgieter;Loodgieterscollectief Den Haag;+31 6 34392929;https://loodgieterscollectief.nl/;4.7;169;;info@loodgieterscollectief.nl;0634392929, +31634392929;;;
Den Haag;Loodgieter;Loodgieter Den Haag Koning;+31 70 204 2239;http://www.loodgieterkoning.nl/;4.7;35;;info@loodgieterkoning.nl;0702042239;https://www.facebook.com/Elektra-Koning-109881858376936;https://www.instagram.com/elektra_koning;https://www.linkedin.com/company/firma-koning
Den Haag;Loodgieter;Haagse Loodgieter;+31 70 204 2366;https://haagse-loodgieter.nl/;5.0;21;;info@haagse-loodgieter.nl;0702042366, +31702042366;https://www.facebook.com/profile.php?id=61585200051881;;
Den Haag;Loodgieter;Den Haag Loodgieter;+31 70 204 2115;http://www.denhaagloodgieter.com/;4.7;27;;;;;;
Den Haag;Loodgieter;Loodgieter Den Haag Hartman;+31 6 48411822;https://hartmanloodgieter.nl/;5.0;21;;info@123marketing.nl, info@hartmanloodgieter.nl;0648411822, 0653925824;;;
Den Haag;Loodgieter;Loodgieter Den Haag 24/7 BOB;+31 6 16331187;https://www.loodgieterdenhaag-bob.nl/;5.0;52;;info@loodgieterindenhaag.nl;+31657389597;;;
Den Haag;Loodgieter;Haagsche Loodgieter;+31 70 250 1091;http://www.haagsche-loodgieter.nl/;4.8;108;;haagsche-loodgieter@gmail.com, haagscheloodgieter@gmail.com;+31702501091, 0702501091;;;
Amsterdam;Tandarts;De Amsterdamse Tandarts Rivierenbuurt;+31 20 428 2422;https://www.deamsterdamsetandarts.nl/;4.7;26;;info@deamsterdamsetandarts.nl;+31206257094, +319008602;https://www.facebook.com/deamsterdamsetandarts;https://www.instagram.com/deamsterdamsetandarts;
Amsterdam;Tandarts;The Dentist Amsterdam;+31 20 528 6560;https://thedentistamsterdam.nl/;4.9;86;;;+31205286560;;https://www.instagram.com/thedentistamsterdam;https://www.linkedin.com/company/the-dentist-amsterdam
Amsterdam;Tandarts;Etiq Amsterdam;+31 20 308 6020;https://www.etiq.nl/amsterdam;4.9;55;;info@etiq.nl;(020) 3086020;;https://www.instagram.com/etiqtandartsen;https://nl.linkedin.com/company/etiqtandartsen
Amsterdam;Tandarts;Tandheelkundepraktijk Stadhouderskade;+31 20 662 7259;https://www.tandartspraktijk.amsterdam/;4.5;338;;afspraak@xs4all.nl;0206627259;https://www.facebook.com/stadhouderskade;https://www.instagram.com/stadhouderskade;
Amsterdam;Tandarts;De Amsterdamse Tandarts;+31 20 625 7094;http://www.deamsterdamsetandarts.nl/;4.7;266;;info@deamsterdamsetandarts.nl;+31206257094, +319008602;https://www.facebook.com/deamsterdamsetandarts;https://www.instagram.com/deamsterdamsetandarts;
Amsterdam;Tandarts;Dental Clinics Amsterdam Brouwersgracht;+31 20 398 3131;https://www.dentalclinics.nl/;4.4;69;;;;https://www.facebook.com/DentalClinicsNL;https://www.instagram.com/dentalclinicsnl;https://linkedin.com/company/dental-clinics-nederland
Amsterdam;Tandarts;TandartsJordaan.nl;+31 20 612 1243;https://tandartsjordaan.nl/;4.4;605;;info@tandartsjordaan.nl;0206121243, 020 612 12 43;https://www.facebook.com/tandartsjordaan;https://www.instagram.com/tandartsjordaan;https://www.linkedin.com/company/tandarts-jordaan-amsterdam
Amsterdam;Tandarts;De Tandenpraktijk;+31 20 615 0315;http://www.tandenpraktijk.nl/;4.6;118;;info@tandenpraktijk.nl;+31206150315, 00319008602;https://www.facebook.com/tandenpraktijk;https://www.instagram.com/de_tandenpraktijk;
Amsterdam;Tandarts;Dental Clinics Amsterdam IJburglaan;+31 20 398 3131;https://www.dentalclinics.nl/;4.1;215;;;;https://www.facebook.com/DentalClinicsNL;https://www.instagram.com/dentalclinicsnl;https://linkedin.com/company/dental-clinics-nederland
Amsterdam;Tandarts;Lassus Tandartsen;+31 20 471 3137;https://www.lassustandartsen.nl/;4.3;902;;info@lassus.nl, lelystad@lassus.nl, tilburg@lassus.nl;020 47 13 137, 020 42 21 912;https://www.facebook.com/LassusTandartsen;https://www.instagram.com/lassustandartsen;
Amsterdam;Loodgieter;Loodgieter Amsterdam & CV Service 24/7;+31 6 40682258;http://cvloodgieter.nl/;5.0;282;;info@cvloodgieter.nl;+31640682258;;;https://www.linkedin.com/company/loodgieter-amsterdam-cv-service-24-7
Amsterdam;Loodgieter;MC Loodgieter Amsterdam;+31 6 39459551;https://www.mc-loodgieter.nl/;4.8;85;;info@mc-loodgieter.nl, //www.google.com/maps/place/MC+Loodgieter+Amsterdam/@52.3693596;;;;
Amsterdam;Loodgieter;Loodgieter Amsterdam 24/7 Spoedservice;+31 20 716 5306;http://www.loodgietersbedrijfamsterdam.com/;5.0;208;;;;;;
Amsterdam;Loodgieter;Installatie Service Amsterdam (ISA);+31 20 688 5629;https://isa-loodgieters.nl/;4.8;322;;info@isa-loodgieters.nl;0206885629;https://www.facebook.com/ISAloodgieters;;
Amsterdam;Loodgieter;Loodgieter Amsterdam J.O.P;+31 6 26144204;https://loodgieteramsterdamjop.nl/;4.9;308;;;;;;
Amsterdam;Loodgieter;Loodgieter Amsterdam Ayvazbouw;+31 6 84136046;https://ayvazbouw.nl/;4.7;212;;info@ayvazbouw.nl;+31684136046;https://www.facebook.com/profile.php?id=100091894128770;https://www.instagram.com/ayvazbouw.nl;https://nl.linkedin.com/in/orhangazi-ayvaz-0b0714215
Amsterdam;Loodgieter;Loodgieter Amsterdam (.eu);+31 20 640 3449;https://loodgieteramsterdam.eu/;5.0;67;;info@akc-loodgieter.nl;+31619403249;;;
Amsterdam;Loodgieter;Bennies Installatiebedrijf Amsterdam;+31 6 11240153;https://www.benniesinstallatiebedrijf.nl/;4.9;125;;info@benniesinstallatiebedrijf.nl;+31611240153;;https://www.instagram.com/m.lfth_;
Amsterdam;Loodgieter;Loodgieter Amsterdam SOS 24/7;+31 6 25095618;https://loodgieteramsterdamsos.nl/;4.9;91;;info@loodgieteramsterdamsos.nl;0619993956, +31619993956;;;
Amsterdam;Loodgieter;Lekkage Loodgieter;+31 6 40215889;https://www.lekkage-loodgieter.nl/;4.9;53;;info@jouwbouw.com;0640215889;;;
Amsterdam;Fysiotherapie;Amsterdam Fysio;+31 20 337 5265;https://www.amsterdamfysio.nl/;4.5;53;;info@amsterdamfysio.nl;0031203375265;https://www.facebook.com/pluspraktijk;https://www.instagram.com/amsterdamfysio;
Amsterdam;Fysiotherapie;Fysio Huis Amsterdam;+31 20 671 3312;http://www.fysio-huis.com/;5.0;462;;info@fysio-huis.com;;;https://www.instagram.com/fysiohuis;
Amsterdam;Fysiotherapie;MULA Fysio (Noord);+31 6 29554689;https://www.mulafysio.nl/;5.0;31;;info@mulafysio.nl;;;;
Amsterdam;Fysiotherapie;Fysio2You;+31 85 004 1428;http://www.fysio2you.nl/;5.0;195;;info@fysio2you.nl, olivier@fysio2you.nl;0031850041428, +31850041428;https://www.facebook.com/Fysiotherapeutbestellen;https://www.instagram.com/fysio2you;https://www.linkedin.com/company/fysio2you
Amsterdam;Fysiotherapie;Fysiotherapie & Training Amsterdam;+31 20 330 4855;http://www.ftamsterdam.nl/;4.9;215;;info@ftamsterdam.nl;+31203304855;;;https://www.linkedin.com/in/benjamin-bos-04bb311a
Amsterdam;Fysiotherapie;De Fysio Man;+31 20 354 2926;https://defysioman.nl/;4.7;238;;info@defysioman.nl;;https://www.facebook.com/fysioman;;
Amsterdam;Fysiotherapie;Fysio Centrum Amsterdam Baarsjesweg;+31 20 261 0274;http://www.fysiocentrumamsterdam.nl/;4.4;110;;info@website.com, info@fysiocentrumamsterdam.nl;0202610274;;https://www.instagram.com/fysiocentrumamsterdam;
Amsterdam;Fysiotherapie;Fysiotherapie Centrum Amsterdam;+31 20 471 3456;http://www.fysiotherapiecentrumamsterdam.nl/;5.0;13;;info@fysiotherapiecentrumamsterdam.nl;;https://www.facebook.com/herniacentrumamsterdam;https://www.instagram.com/fysiotherapiecentrumamsterdam;
Amsterdam;Fysiotherapie;Fysiotherapie Centrum Amsterdam (2e);+31 20 622 0572;http://www.fysiotherapiecentrumamsterdam.nl/;4.4;29;;info@fysiotherapiecentrumamsterdam.nl;;https://www.facebook.com/herniacentrumamsterdam;https://www.instagram.com/fysiotherapiecentrumamsterdam;
Amsterdam;Fysiotherapie;Fysio World Amsterdam;+31 20 663 5092;https://fysioworldamsterdam.nl/;4.7;55;;;+31206635092, 020 663 50 92;https://www.facebook.com/FysioWorldAmsterdam;;https://www.linkedin.com/in/roxanne-helleward-134496b4
Den Haag;Tandarts;Mondzorg Centrum Den Haag;+31 70 326 0891;https://tandartscentrumdenhaag.nl/;4.9;225;;info@tandartscentrumdenhaag.nl;0703260891;https://www.facebook.com/profile.php?id=61554991895241;https://www.instagram.com/mondzorgcentrumdenhaag;
Den Haag;Tandarts;Dental Luxe Den Haag Centrum;+31 70 360 2023;http://www.tpdenhaagcentrum.nl/;4.5;145;;info@tpdenhaagcentrum.nl;+31703602023;https://www.facebook.com/tpdenhaagcentrum;https://www.instagram.com/tpdenhaagcentrum;
Den Haag;Tandarts;DentaNova;+31 70 222 3030;http://www.dentanova.nl/;4.8;84;;;;;;
Den Haag;Tandarts;TC Frederikstraat;+31 70 346 3488;https://www.tcfrederikstraat.nl/;4.6;99;;info@tcfrederikstraat.nl;070 346 34 88, 0900 8602;https://www.facebook.com/profile.php?id=100086412276901;https://www.instagram.com/tc_frederikstraat;
Den Haag;Tandarts;Mondzorg Boekhorst;+31 70 388 6542;https://mondzorgboekhorst.nl/;4.8;112;;info@tandarts-den-haag.nl;0703886542;https://www.facebook.com/profile.php?id=61554991895241;https://www.instagram.com/mondzorgcentrum.denhaag;
Den Haag;Tandarts;TC Valkenbos;+31 70 322 8438;https://www.tandartsdenhaag.nl/;4.7;160;;info@tandartsdenhaag.nl;070 322 8438;https://www.facebook.com/TandartsDenHaag070;https://www.instagram.com/tandarts.denhaag;
Den Haag;Tandarts;OneWorld Dental;+31 70 764 0800;http://www.oneworlddental.nl/;4.8;66;;denhaag@oneworlddental.nl, office@oneworlddental.nl;;https://www.facebook.com/oneworlddental-104201701294094;https://www.instagram.com/oneworld.dental;
Den Haag;Tandarts;Tandartsenpraktijk De Weidevogel;+31 15 887 3588;http://www.tandartsdeweidevogel.nl/;4.7;80;;info@tandartsdeweidevogel.nl;;https://www.facebook.com/tandartsdeweidevogel;;
Den Haag;Tandarts;Tanden Boutique;+31 70 200 2712;https://www.tandenboutique.nl/;5.0;120;;tInfo@tandenboutique.nl, info@tandenboutique.nl, Info@tandenboutique.nl;0702002712;https://www.facebook.com/tandenboutique;;
Den Haag;Tandarts;Dentalife Tandartspraktijk;+31 70 200 2568;http://www.dentalife.nl/;4.9;134;;info@dentalife.nl;0702002568;https://www.facebook.com/dentalifetandarts;https://www.instagram.com/dentalife_tandarts;https://www.linkedin.com/company/dentalife-tandarts
Den Haag;Fysiotherapie;Apollo Health Hub Scheveningen;+31 70 211 0470;http://apollohh.nl/;5.0;70;;hello@apollohh.nl;+31702110470;;https://instagram.com/apollohh.nl;
Den Haag;Fysiotherapie;Fysio Care Den Haag;+31 70 211 0044;http://www.fysiocaredenhaag.nl/;4.6;10;;;+31702110044, 003456789;https://www.facebook.com/QodeInteractive;https://www.instagram.com/qodeinteractive;
Den Haag;Fysiotherapie;Roelfsema Fysiotherapie;+31 70 221 1528;https://roelfsemafysiotherapie.nl/;4.9;92;;info@roelfsemafysiotherapie.nl;;;https://www.instagram.com/fysiotherapie_roelfsema;https://www.linkedin.com/company/roelfsema-fysiotherapie
Den Haag;Fysiotherapie;Fysio Centrum Den Haag;+31 70 368 1780;http://www.fysiocentrumdenhaag.nl/;5.0;7;;info@fysiocentrumdenhaag.nl;0031703681780, 0703681780;https://www.facebook.com/FysiocentrumDenHaag;;
Den Haag;Fysiotherapie;FysioEffect Grote Markt;+31 70 808 0139;https://fysioeffect.nl/;4.6;33;;info@fysioeffect.nl;+31708080139, 0708080139;https://www.facebook.com/fysioeffect;https://www.instagram.com/fysioeffect.nl;https://www.linkedin.com/company/fysioeffect
Den Haag;Fysiotherapie;Roelfsema Fysiotherapie Hofvijver;+31 70 221 1528;https://roelfsemafysiotherapie.nl/;4.9;31;;info@roelfsemafysiotherapie.nl;;;https://www.instagram.com/fysiotherapie_roelfsema;https://www.linkedin.com/company/roelfsema-fysiotherapie
Den Haag;Fysiotherapie;Fysiotherapie Hubertusduin (B&B);+31 85 301 1505;https://benbhealthcare.nl/;5.0;11;;info@benbhealthcare.nl, secretariaat@benbhealthcare.nl;0853011505;;https://www.instagram.com/benbhealthcare;
Den Haag;Fysiotherapie;Fysiotherapie Zoutmanstraat (B&B);+31 85 301 1505;https://benbhealthcare.nl/;4.9;29;;info@benbhealthcare.nl, secretariaat@benbhealthcare.nl;0853011505;;https://www.instagram.com/benbhealthcare;
Den Haag;Fysiotherapie;YorBody Fysiotherapie Den Haag Centrum;+31 70 221 3192;https://yorbodyfysiotherapie.nl/;4.6;38;;;;;;
Den Haag;Fysiotherapie;Binnenstebuiten Fysio (Ceder Gym);+31 6 14877857;http://www.binnenstebuitenfysio.nl/;5.0;71;;binnenstebuitenfysio@gmail.com;31614877857;https://www.facebook.com/stefano.dasnevesbrito;http://instagram.com/binnenstebuiten.fysio;
Eindhoven;Loodgieter;Loodgieter Eindhoven;+31 40 298 8105;https://loodgieter-eindhoven.nl/;4.2;179;;info@loodgieter-eindhoven.nl;+31402988105;;;
Eindhoven;Loodgieter;Snelvakman;+31 85 020 4545;https://snelvakman.nl/;4.8;476;;info@snelvakman.nl;+31850204545;;;
Eindhoven;Loodgieter;Lekdetectie Briljant;+31 6 34987967;;4.6;98;;;;;;
Eindhoven;Loodgieter;Ontstoppingsbedrijf Eindhoven;+31 40 369 0457;https://ontstoppingsbedrijfeindhoven.net/;4.8;19;;;;;;
Eindhoven;Loodgieter;Uniek Installatiebedrijf;+31 6 87707505;https://uniekinstallatie.nl/;5.0;15;;info@uniekinstallatie.nl;;https://www.facebook.com/share;;
Eindhoven;Loodgieter;Loodgietersbedrijf Eindhoven;+31 85 800 7133;;5.0;1;;;;;;
Eindhoven;Loodgieter;AS Loodgieterservice;+31 6 85251037;http://www.as-loodgieterservice.nl/;4.3;15;;info@as-loodgieterservice.nl;0685251037;;;
Eindhoven;Loodgieter;Loodgietersbedrijf Engelen;+31 6 10789247;https://www.engelenvof.nl/;4.8;4;;tinusengelen@hetnet.nl;+31402118920;;;
Utrecht;Loodgieter;Loodgietersbedrijf Utrecht;+31 6 36563273;https://loodgietersbedrijfutrecht.nl/;4.8;254;;;;;;
Utrecht;Loodgieter;Loodgieter Utrecht-TVR;+31 6 16595987;https://loodgieterutrecht-tvr.nl/;5.0;71;;TvRloodgieter@hotmail.com;0616595987;;https://www.instagram.com/tvrloodgieter;
Utrecht;Loodgieter;Loodgieter Utrecht (Rionex);+31 6 26144204;https://loodgieterstad.nl/;5.0;468;;247loodgieters@gmail.com;0626144204;;;
Utrecht;Loodgieter;WW Loodgietersbedrijf Utrecht;+31 6 40022715;https://wwloodgietersbedrijf.nl/;4.9;265;;;+31640022715;;https://www.instagram.com/ww_loodgietersbedrijf;
Utrecht;Loodgieter;Loodgieter Alert Utrecht;+31 6 16161664;https://loodgieteralert.nl/;4.8;306;;;0031616161664, +31616161664;https://www.facebook.com/Loodgieteralertutrecht;;
Utrecht;Loodgieter;Loodgieter Komt Zo Utrecht;+31 6 42748556;http://loodgieterkomtzo.nl/;4.8;247;;info@loodgieterkomtzo.nl;;https://www.facebook.com/Loodgieter-Komt-Zo-442090076545202;;
Utrecht;Loodgieter;Vak Loodgieter Utrecht;+31 30 207 2705;https://vakloodgieterutrecht.nl/;4.8;35;;info@vakloodgieter.nl;030 207 2705, 020456789;;https://www.instagram.com/vakloodgieterutrecht;https://www.linkedin.com/company/vak-loodgieter-utrecht
Utrecht;Loodgieter;Uw Loodgietersbedrijf Utrecht;+31 30 269 0359;https://uwloodgietersbedrijf.nl/;4.9;158;;info@uwloodgietersbedrijf.nl;;;;
Utrecht;Loodgieter;Delta Loodgieter Utrecht;+31 6 20165656;https://deltaloodgieters.nl/;4.8;138;;info@deltaloodgieters.nl;0620165656;https://www.facebook.com/DeltaLoodgieters;https://www.instagram.com/delta_loodgieters;https://www.linkedin.com/in/delta-loodgieter-utrecht-919112300
Utrecht;Loodgieter;Loodgietersbedrijf Kreugel;+31 6 85339892;https://www.loodgietersbedrijfkreugel.nl/;4.9;115;;info@loodgietersbedrijfkreugel.nl, stavakolirad@hotmail.com;+31685339892;;;
Utrecht;Fysiotherapie;Fysio-Fit Utrecht;+31 30 299 3033;https://fysiofit-utrecht.nl/;4.7;127;;receptie@fysiofit-utrecht.nl;+31302993033;https://www.facebook.com/utrechtcentrum;;
Utrecht;Fysiotherapie;FysioBewust Overvecht;+31 30 262 5666;http://www.fysiobewustutrecht.nl/;4.9;54;;rooding.meta@gmail.com, info@fysiobewustutrecht.nl;0302625666;;;
Utrecht;Fysiotherapie;Fysiotherapie Utrecht Oost;+31 30 234 1010;https://fysiopraktijk.nl/;4.5;99;;info@fysiopraktijk.nl;0302341010;https://www.facebook.com/Fysiotherapie-Utrecht-Oost-862686533772020;;
Utrecht;Fysiotherapie;FysioBewust de Straatweg;+31 30 262 5666;https://fysiobewustutrecht.nl/;4.7;39;;rooding.meta@gmail.com, info@fysiobewustutrecht.nl;0302625666;;;
Utrecht;Fysiotherapie;FysioDomstad;+31 30 292 0021;https://www.fysiodomstad.nl/;4.9;137;;;0307603757, 0302920021;http://www.facebook.com/fysiodomstad;https://www.instagram.com/fysiodomstad;
Utrecht;Fysiotherapie;FIT Fysiotherapie Utrecht;+31 85 060 1808;https://www.fit-fysiotherapie.nl/;5.0;53;;info@fit-fysiotherapie.nl;085 060 18 08, 0850601808;https://www.facebook.com/fitfysiotherapie;https://instagram.com/fitfysiotherapie;https://nl.linkedin.com/company/fit-fysiotherapie
Utrecht;Fysiotherapie;Fysio Centrum Utrecht (CS);+31 30 227 0437;http://www.fysiocentrumutrecht.nl/;4.6;47;;info@fysiocentrumutrecht.nl;0302270437;https://www.facebook.com/fysiocentrumutrecht;;
Utrecht;Fysiotherapie;Fysio Coen;+31 6 28886898;http://www.fysiocoen.nl/;5.0;247;;;;;;
Utrecht;Fysiotherapie;Fysiotherapie Weerdsingel;+31 30 231 2627;https://fysiotherapieweerdsingel.nl/;4.6;81;;info@fysiotherapieweerdsingel.nl;0302312627, 0031302312627;https://www.facebook.com/defitnessclubvoorjou;https://www.instagram.com/fysiofitnessalkmaar;
Utrecht;Fysiotherapie;Fysio Balijelaan;+31 30 294 3606;http://www.fysiobalijelaan.nl/;4.9;40;;info@fysiobalijelaan.nl;+31302943606;https://www.facebook.com/fysiotherapiepraktijkbalijelaan;;
Eindhoven;Tandarts;Tandartspraktijk Eindhoven;+31 40 256 6380;https://www.tandartspraktijkeindhoven.com/;4.6;515;;%20info@tandartspraktijkeindhoven.com, info@tandartspraktijkeindhoven.com;+31402566380;;;
Eindhoven;Tandarts;Tandartsen Voor Ons;+31 40 312 3000;https://tandartsenvoorons.nl/;4.9;106;;;;;;
Eindhoven;Tandarts;Eindhovense TandartsPraktijk;+31 40 750 5233;https://eindhovensetandartspraktijk.nl/;4.0;94;;info@eindhovensetandartspraktijk.nl;0407505233;https://www.facebook.com/Eindhovense-Tandartspraktijk-103176731796844;https://instagram.com/eindhovense.tandartspraktijk;
Eindhoven;Tandarts;Dental Clinics Eindhoven;+31 40 211 8136;https://www.dentalclinics.nl/;4.6;620;;;;https://www.facebook.com/DentalClinicsNL;https://www.instagram.com/dentalclinicsnl;https://linkedin.com/company/dental-clinics-nederland
Eindhoven;Tandarts;Tandartsenpost Eindhoven;+31 900 1515;http://www.tandartsenposteindhoven.nl/;3.3;400;;info@tandartsenposteindhoven.nl;0900-1515, 0403111915;facebook.com/Tandartsenpost-regio-Eindhoven-108283867370744;https://www.instagram.com/tandartsenposteindhoven;
Eindhoven;Tandarts;Oud Stratum Tandartsen;+31 40 211 1458;http://www.oudstratumtandartsen.nl/;4.8;218;;%20info@oudstratumtandartsen.nl, info@oudstratumtandartsen.nl;+31402111458;;;
Eindhoven;Tandarts;Centrum voor Tandheelkunde Eindhoven;+31 40 340 0149;http://www.cvteindhoven.nl/;4.9;163;;info@cvteindhoven.nl;;;;
Eindhoven;Tandarts;VLIJT Tandartsen;+31 40 209 2495;https://www.vlijttandartsen.nl/;4.9;167;;;;https://www.facebook.com/profile.php?id=61559484639921;https://www.instagram.com/vlijttandartsen;https://www.linkedin.com/company/vlijttandartsen
Eindhoven;Tandarts;Tandartsenpraktijk Woenselse Heide;+31 40 242 3389;https://www.tandartsenpraktijkwoenselseheide.nl/;4.1;148;;info@tawh.nl;0402423389;;;
Eindhoven;Tandarts;Dentology Tandartsen;+31 40 209 2460;https://www.dentologytandartsen.nl/;4.7;81;;info@dentologytandartsen.nl;;;;
Utrecht;Tandarts;Tandartspraktijk Utrecht B.V.;+31 30 240 0267;https://www.tandartspraktijk-utrecht.nl/;4.8;247;;;;;;
Utrecht;Tandarts;De Utrechtse Tandartspraktijk;+31 30 760 1152;http://www.deutrechtsetandartspraktijk.nl/;4.8;1016;;info@deutrechtsetandartspraktijk.nl;+31303039750, +31307601152;https://www.facebook.com/DEUTRECHTSETANDARTSPRAKTIJK;https://instagram.com/deutrechtsetandartspraktijk;
Utrecht;Tandarts;Tandarts Utrecht Centrum;+31 30 792 0202;https://tandartsutrechtcentrum.nl/;4.8;30;;info@tandartsutrechtcentrum.nl;0307920202;https://www.facebook.com/tandartsutrechtcentrum;https://www.instagram.com/tandarts_utrecht;
Utrecht;Tandarts;Tandart Utrecht;+31 30 242 0230;http://www.tandartutrecht.nl/;4.8;22;;info@tandartutrecht.nl;0302420230, 09008602;https://www.facebook.com/profile.php?id=100090317170959;https://www.instagram.com/tandart_utrecht;
Utrecht;Tandarts;Tandartsspoedpraktijk Utrecht;+31 900 8602;https://tandartsspoedpraktijk.nl/utrecht/;4.1;117;;callcenter@tandartsspoedpraktijk.nl, info@tandartsspoedpraktijk.nl;09008602;;;
Utrecht;Tandarts;Dental Care Utrecht Nieuwe Gracht;+31 30 231 3130;https://www.tandartsenpraktijkdenieuwegracht.nl/;4.5;31;;info@tandartsenpraktijkdenieuwegracht.nl;030 252 03 59, 0900 1515;;;
Utrecht;Tandarts;Dental Care Utrecht Van Hogendorpstraat;+31 30 252 0359;https://www.dentalcareutrecht.nl/;4.8;115;;info@dentalcareutrecht.nl;030 252 03 59, 0900 1515;;;
Utrecht;Tandarts;Maliekwartier Tandartsen Utrecht;+31 30 760 1267;https://www.tandartsutrecht.nl/;4.8;333;;info@tandartsutrecht.nl;0307601267, 0900-8602;https://www.facebook.com/tandartsutrecht;;
Utrecht;Tandarts;AVT-Kliniek Utrecht;+31 30 234 1968;https://www.avtkliniek.nl/;4.6;97;;avtkliniek@zorgmail.nl, tandarts@avtkliniek.nl;0302341968;https://www.facebook.com/utrechttandarts;;
Utrecht;Tandarts;Tandartspraktijk Bartoklaan;+31 30 299 3666;http://www.bartoklaan.nl/;4.2;115;;post@bartoklaan.nl;;https://www.facebook.com/TandartspraktijkBartoklaan;https://www.instagram.com/tandartspraktijkbartoklaan;
Eindhoven;Fysiotherapie;Spinefysio Eindhoven;+31 40 785 0044;https://www.spinefysio.nl/;4.7;528;;info@spinefysio.nl;0407850044, +31407850044;https://www.facebook.com/draijmakers;https://www.instagram.com/fysiotherapie_spinefysio;
Eindhoven;Fysiotherapie;FysioTrust Eindhoven;+31 6 27215485;https://fysiotrust.nl/;5.0;69;;info@fysiotrust.nl;0627215485;https://www.facebook.com/profile.php?id=61559662122878;https://www.instagram.com/fysiotrusteindhoven;https://www.linkedin.com/in/jari-smulders
Eindhoven;Fysiotherapie;Fysiotherapie Achtse Barrier;+31 40 242 4464;http://fysiotherapieachtsebarrier.nl/;4.8;208;;info@fysiotherapieachtsebarrier.nl;0402424464;https://www.facebook.com/FysioAchtsebarrier;;https://nl.linkedin.com/company/fysiotherapie-achtse-barrier
Eindhoven;Fysiotherapie;Let's Go Fysio;+31 6 43031262;https://www.letsgofysio.nl/;4.9;36;;info@letsgofysio.nl;;https://www.facebook.com/Lets-go-fysio-101287409522631;https://instagram.com/letsgofysio;https://www.linkedin.com/company/91637820
Eindhoven;Fysiotherapie;Fysio Eray;+31 6 21594782;http://www.fysioeray.nl/;5.0;35;;info@fysioeray.nl;+31621594782;https://www.facebook.com/fysioeray;https://www.instagram.com/fysio_eray;
Eindhoven;Fysiotherapie;Fysiotherapie Heezerweg;+31 40 212 5333;http://www.fysiotherapieheezerweg.nl/;5.0;14;;info@fysiotherapieheezerweg.nl;;;;
Eindhoven;Fysiotherapie;STADS Fysiotherapie Eindhoven;+31 40 311 1151;http://www.stadsfysio.nl/;4.6;27;;Eindhoven@stadsfysio.nl, eindhoven@stadsfysio.nl, tilburg@stadsfysio.nl;0133030361, 0403111151;;;
Eindhoven;Fysiotherapie;YorBody Fysiotherapie Eindhoven;+31 40 209 4116;https://yorbodyfysiotherapie.nl/;4.8;38;;;;;;
Eindhoven;Fysiotherapie;Paramedisch Centrum Eindhoven;+31 40 243 3699;https://www.paramedischcentrumeindhoven.nl/;4.9;41;;info@pmceindhoven.nl;0628481321, 0402433699;https://www.facebook.com/pmceindhoven;https://www.instagram.com/pmc.ehv.fysio;
Haarlem;Loodgieter;Installatiebedrijf Boerée;+31 6 12777743;https://installatiebedrijfboeree.nl/;5.0;40;;info@installatiebedrijfboeree.nl;+31612777743;;;
Haarlem;Loodgieter;ROOD Loodgieters & Installatie;+31 23 781 0781;http://www.roodinstallaties.nl/;4.9;153;;info@roodinstallaties.nl;+31682167167, +31237810781;https://facebook.com/LoodgietersbedrijfROOD;https://instagram.com/loodgietersbedrijfrood;https://linkedin.com/company/loodgieters-installatiebedrijf-rood
Haarlem;Loodgieter;Haarlemse Loodgieter;+31 23 234 0701;https://www.haarlemse-loodgieter.nl/;5.0;17;;info@www.haarlemse-loodgieter.nl;648941044, 0232340701;http://facebook.com/correcteloodgieter;http://www.instagram.com/correcteloodgieter;
Haarlem;Loodgieter;Fixo Loodgieter Haarlem;+31 85 060 5723;http://www.fixobv.nl/;4.9;105;;fixobvcontact@gmail.com;+31850605723;;;
Haarlem;Loodgieter;KVD Loodgieterswerkzaamheden;+31 6 42001302;https://kvdloodgieterswerkzaamheden.nl/;5.0;84;;info@kvdloodgieterswerkzaamheden.nl;+31642001302;;;
Haarlem;Loodgieter;Loodgieter Haarlem (riool ontstoppen);+31 6 57389597;https://www.loodgieterhaarlem-rioolontstoppen.nl/;5.0;42;;info@loodgieterhaarlem-rioolontstoppen.nl;+31643077569;;;
Haarlem;Loodgieter;Loodgieter Haarlem K Snoeks;+31 6 83714947;https://k-snoeks.nl/;4.9;119;;info@k-snoeks.nl;0683714947, 0031683714947;;;
Haarlem;Loodgieter;G. de Graaf Loodgieter (24u spoed);+31 6 46012788;http://www.gdegraafloodgieters.nl/;4.5;13;;info@gdegraafloodgieters.nl;0646012788;;;
Haarlem;Loodgieter;de Spoed Loodgieter Haarlem;+31 6 49578578;http://www.despoedloodgieterhaarlem.nl/;5.0;65;;;;;;
Vijfhuizen;Loodgieter;A.M.G Loodgieter (Haarlem omstreken);+31 6 29317210;https://amgloodgieter.nl/;5.0;12;;info@amgloodgieter.nl;;;;
Nijmegen;Loodgieter;Bijl Loodgietersklusjes;+31 6 84869797;http://www.loodgietersklusjes.nl/;4.9;49;;info@loodgietersklusjes.nl;0684869797;;;
Nijmegen;Loodgieter;Ontstoppingsbedrijf Nijmegen;+31 24 669 0218;https://ontstoppingsbedrijfnijmegen.net/;4.9;13;;;;;;
Nijmegen;Loodgieter;Riool Expert Jan;+31 85 060 9518;https://rioolexpertjan.nl/;5.0;14;;info@rioolexpertjan.nl;0850609518;;;
Nijmegen;Loodgieter;Kootstra & Co;+31 6 44300391;https://kootstra-co.nl/;4.9;40;;;;;;
Nijmegen;Loodgieter;Eijba Installatietechniek;+31 6 45542823;http://www.eijba-installatietechniek.nl/;5.0;29;;info@eijba-installatietechniek.nl;;;;
Nijmegen;Loodgieter;Loodgieters Veenstra Nijmegen;+31 24 781 0029;https://loodgieters-veenstra.nl/loodgieter-nijmegen/;4.3;6;;;+31858009944;https://www.facebook.com/loodgieters.veenstra;https://www.instagram.com/loodgieters.veenstra;https://www.linkedin.com/company/loodgieters-veenstra
Nijmegen;Loodgieter;Weijers Techniek;+31 24 675 1152;http://www.weijersriooltechniek.nl/;4.2;34;;info@weijersriooltechniek.nl;;;;
Nijmegen;Loodgieter;Installatiebedrijf J. Claus;+31 6 50884739;https://installatiebedrijf-jclaus.nl/;4.8;21;;info@installatiebedrijf-jclaus.nl;;;;
Nijmegen;Loodgieter;Warmteservice Nijmegen;+31 24 359 0666;https://www.warmteservice.nl/;4.6;309;;;;;;
Nijmegen;Fysiotherapie;Ysveld Fysio Nijmegen-Centrum;+31 24 348 0551;https://www.ysveldfysio.nl/;4.6;22;;;0243480551;https://www.facebook.com/ysveldfysio;https://www.instagram.com/ysveldfysio;
Nijmegen;Fysiotherapie;Fy-Fit Fysiotherapie Nijmegen Oost;+31 24 344 7833;https://www.fysiotherapienijmegen.nl/;5.0;1;;info@fysiotherapienijmegen.nl, info@fysiotherapie-nijmegen.com;0243447833;https://www.facebook.com/FyfitFysiotherapieNijmegen;https://www.instagram.com/fysiotherapiefyfit;
Nijmegen;Fysiotherapie;de fysioo Nijmegen-Oost;+31 24 675 0137;https://defysioo.nl/;4.6;20;;;0031246750137;https://www.facebook.com/defysioo;;
Nijmegen;Fysiotherapie;MMfysio Brakkenstein;+31 24 358 0779;https://mmfysio.nl/;4.6;48;;info@mmfysio.nl;+31243580779;https://facebook.com/mmfysio;http://instagram.com/mmfysio;https://www.linkedin.com/company/mmfysio
Nijmegen;Fysiotherapie;de fysioo Nijmegen-Centrum;+31 24 675 0137;https://www.defysioo.nl/;5.0;29;;;0031246750137;https://www.facebook.com/defysioo;;
Nijmegen;Fysiotherapie;Fysiocentrum Nijmegen;+31 24 354 0404;https://fysiocentrumnijmegen.nl/;4.9;9;;;;;;
Nijmegen;Fysiotherapie;Fysiotherapie Janneke Janssen;+31 6 46155235;http://www.fysiotherapiejannekejanssen.nl/;4.9;33;;info@fysiotherapiejannekejanssen.nl;0646155235;;;
Nijmegen;Fysiotherapie;de fysioo Nijmegen-West;+31 24 675 0137;https://defysioo.nl/;5.0;11;;;0031246750137;https://www.facebook.com/defysioo;;
Haarlem;Tandarts;Tandartsenpraktijk Haarlem;+31 23 532 2331;https://www.tandartsenpraktijkhaarlem.nl/;4.3;87;;info@tandartsenpraktijkhaarlem.nl;0235322331;https://www.facebook.com/tandartsenpraktijkhaarlem;https://www.instagram.com/tandartsenpraktijkhaarlem;
Haarlem;Tandarts;De Haerlemsche Tandartsen;+31 23 207 0207;https://www.dehaerlemschetandartsen.nl/;5.0;18;;info@dehaerlemschetandartsen.nl;0232070207;https://www.facebook.com/profile.php?id=61573509546448;https://www.instagram.com/dehaerlemschetandartsen;https://www.linkedin.com/company/106475613
Haarlem;Tandarts;Tandartspraktijk Boerhaave;+31 23 440 0230;https://www.tandartspraktijkboerhaave.nl/;4.9;62;;info@tandartspraktijkboerhaave.nl;0234400230;;;
Haarlem;Tandarts;Mondzorg Poli Spoed Haarlem;+31 900 1515;https://www.mondzorgpoli.nl/;4.6;230;;amsterdam@mondzorgpoli.nl, denbosch@mondzorgpoli.nl, utrecht@mondzorgpoli.nl;+319001515, +31880222288;https://www.facebook.com/mondzorgpoli;https://www.instagram.com/mondzorgpoli;
Haarlem;Tandarts;Tandartspraktijk Spaarnestad;+31 23 533 2283;https://www.tp-spaarnestad.nl/;4.0;3;;info@tp-spaarnestad.nl;0235493030, 0235332283;https://www.facebook.com/tpspaarnestad;;http://www.linkedin.com/in/tandartspraktijk-spaarnestad-427220137
Haarlem;Tandarts;Tandheelkundig Centrum Nederland;+31 23 534 3178;https://tcn.nl/tandarts-haarlem/;4.4;48;;haarlem@tcn.nl;+31235343178, +09008602;https://www.facebook.com/tandheelkundigcentrumnederland;https://www.instagram.com/tcn_tandartsen;
Haarlem;Tandarts;Tandartspraktijk Tan-Saraswati;+31 23 533 2585;http://www.tandartstan.nl/;5.0;3;;info@tandartstan.nl;;;;
Haarlem;Tandarts;Alders Mondzorg;+31 23 551 6765;https://tandarts-haarlem.nl/;4.8;137;;info@aldersmondzorg.nl;0031235516765, 0233031070;https://www.facebook.com/aldersmondzorg;https://www.instagram.com/aldersmondzorg;
Haarlem;Tandarts;Mondzorgpraktijk Haarlem;+31 23 538 0044;https://www.mondzorgpraktijkhn.nl/;4.7;90;;info@mondzorgpraktijkhn.nl, Info@mondzorgpraktijkhn.nl;0235380044;https://www.facebook.com/profile.php?id=100063553631660;https://www.instagram.com/mondzorgpraktijkhn;
Haarlem;Tandarts;Tandartspraktijk Sombekke;+31 23 524 2579;http://www.tandartssombekke.nl/;4.5;20;;;;;;
Haarlem;Fysiotherapie;FIT Fysiotherapie Haarlem Noord;+31 85 060 1808;https://www.fit-fysiotherapie.nl/;4.9;90;;info@fit-fysiotherapie.nl;085 060 18 08, 0850601808;https://www.facebook.com/fitfysiotherapie;https://instagram.com/fitfysiotherapie;https://nl.linkedin.com/company/fit-fysiotherapie
Haarlem;Fysiotherapie;Fysio Haarlem Centrum;+31 6 52452454;http://www.fysiohaarlemcentrum.nl/;5.0;69;;jaron@fysiohaarlemcentrum.nl;0652452454;https://www.facebook.com/Fysio-Haarlem-Centrum-101271591400284;https://www.instagram.com/fysiohaarlemcentrum;https://www.linkedin.com/in/fysio-haarlem-centrum-a32005209
Haarlem;Fysiotherapie;FIT Fysiotherapie Haarlem Oost;+31 85 060 1808;https://www.fit-fysiotherapie.nl/;4.8;6;;info@fit-fysiotherapie.nl;085 060 18 08, 0850601808;https://www.facebook.com/fitfysiotherapie;https://instagram.com/fitfysiotherapie;https://nl.linkedin.com/company/fit-fysiotherapie
Haarlem;Fysiotherapie;FysioForza Haarlem;+31 6 15283909;https://www.fysioforza.com/;4.9;363;;;+31615283909;https://www.facebook.com/FysioForza;https://www.instagram.com/fysioforza;
Haarlem;Fysiotherapie;FIT Fysiotherapie Haarlem Centrum;+31 23 205 2976;https://www.fit-fysiotherapie.nl/;4.9;40;;info@fit-fysiotherapie.nl;085 060 18 08, 0850601808;https://www.facebook.com/fitfysiotherapie;https://instagram.com/fitfysiotherapie;https://nl.linkedin.com/company/fit-fysiotherapie
Haarlem;Fysiotherapie;FLOW Fysio;+31 6 81466505;http://www.flowfysio.nl/;4.9;161;;info@flowfysio.nl;;;https://www.instagram.com/flowfysio;https://www.linkedin.com/company/flow-fysio
Haarlem;Fysiotherapie;Fysio & Manuele Therapie Berkhof;+31 23 531 0164;http://www.fysio-parklaan.nl/;5.0;21;;info@fysio-parklaan.nl;0235310164;;;
Haarlem;Fysiotherapie;Fysiotherapie Haarlem-Noord;+31 23 525 2814;https://fysiotherapiehaarlem-noord.nl/;4.4;14;;info@fysiotherapiehaarlem-noord.nl;;https://www.facebook.com/Fysiotherapie-Haarlem-Noord-151588065000536;;
Haarlem;Fysiotherapie;FysioExpert Haarlem;+31 23 545 0751;https://www.fysioexpert.nl/;4.7;26;;info@fysioexpert.nl;;facebook.com/FysioExpertHaarlem;https://www.instagram.com/fysioexpert;https://www.linkedin.com/company/fysioexpert
Haarlem;Fysiotherapie;Fysiotherapie Haarlem-Noord (2e);+31 23 737 0109;https://www.fysiotherapiehaarlem-noord.nl/;5.0;2;;info@fysiotherapiehaarlem-noord.nl;;https://www.facebook.com/Fysiotherapie-Haarlem-Noord-151588065000536;;
Nijmegen;Tandarts;Tandartspraktijk Nijmegen;+31 24 348 0020;https://www.tandartspraktijknijmegen.nl/;3.3;38;;;;;;
Nijmegen;Tandarts;Tandzorg Nijmegen;+31 24 207 0064;http://www.tandzorgnijmegen.nl/;5.0;9;;info@tandzorgnijmegen.nl;+31242070064;;https://www.instagram.com/tandzorgnijmegen;
Nijmegen;Tandarts;Tandheelkundig Centrum Nijmegen;+31 24 344 2670;https://www.tc-nijmegen.nl/;;;;info@tc-nijmegen.nl;024 344 2670, 0243442670;;;
Nijmegen;Tandarts;Mondzorgpraktijk Nijmegen;+31 24 360 9825;http://www.mondzorgpraktijknijmegen.nl/;4.9;163;;info@mondzorgpraktijknijmegen.nl;;;;
Nijmegen;Tandarts;Tandrijk Mondzorg;+31 24 323 8062;https://tandrijkmondzorg.nl/;4.8;49;;info@tandrijkmondzorg.nl;;https://www.facebook.com/tandrijk;;https://www.linkedin.com/company/tandrijk
Nijmegen;Tandarts;Tandartsspoedpraktijk CWZ;+31 900 8602;https://tandartsspoedpraktijk.nl/nijmegen/;4.0;94;;callcenter@tandartsspoedpraktijk.nl, info@tandartsspoedpraktijk.nl;09008602;;;
Nijmegen;Tandarts;Samenwerkende Tandartsen Nijmegen;+31 24 323 2928;https://www.nijmegendetandarts.nl/;4.1;99;;nijmegen@samenwerkendetandartsen.nl;;https://www.facebook.com/733246493396446;;
Nijmegen;Tandarts;Tandartspraktijk Villa Westhof;+31 24 323 3366;http://www.tandartsnijmegenoost.nl/;4.9;52;;;;https://www.facebook.com/villawesthof;https://www.instagram.com/tandartspraktijkvillawesthof;
Nijmegen;Tandarts;Bertholet en Van de Ven;+31 24 322 2555;http://www.sintanna12.nl/;4.8;153;;info@sintanna12.nl, TandartspraktijkVanDeVen@zorgmail.nl;;;;
Nijmegen;Tandarts;Tandartspraktijk Dukenburg;+31 24 345 0850;https://www.tandartspraktijkdukenburg.nl/;4.6;166;;;;https://www.facebook.com/tandartspraktijkdukenburg;;
Den Bosch;Loodgieter;EDL Loodgieter Den Bosch;+31 73 260 0044;http://loodgieterdenbosch.nl/;4.4;22;;Info@loodgieterdenbosch.nl, contact@company.com, info@loodgieterdenbosch.nl;;https://www.facebook.com/www.loodgieterdenbosch.nl;;
Den Bosch;Loodgieter;RP Loodgieters & Installatie;+31 6 31790391;http://www.rploodgieters.nl/;5.0;203;;Info@RPloodgieters.nl;0631790391;https://www.facebook.com/RPLoodgieters;https://www.instagram.com/rploodgieters_installatie;
Den Bosch;Loodgieter;Installatiebedrijf & Loodgieter Lommers;+31 73 657 9143;https://lommersinstallaties.nl/;4.0;111;;info@lommersinstallaties.nl;;;;
Den Bosch;Loodgieter;Ontstoppen Den Bosch;+31 85 019 5799;https://ontstoppen-denbosch.nl/;5.0;1;;;;;;
Den Bosch;Loodgieter;Loodgietersbedrijf Passon;+31 73 782 0291;https://www.loodgietersdenbosch.nl/;3.0;31;;;;;;
Den Bosch;Loodgieter;Loodgieter Service Den Bosch;+31 73 641 3501;;3.0;2;;;;;;
Den Bosch;Loodgieter;De Loodgieter Den Bosch;+31 73 234 0097;https://www.deloodgieterdenbosch.nl/;;;;info@deloodgieterdenbosch.nl;+31732340097, 0732340097;;;
Den Bosch;Loodgieter;Riool Totaal Service Den Bosch;+31 73 234 0289;https://riooltotaalservice.nl/;4.9;244;;%20info@riooltotaalservice.nl;+31850609544;;;
Den Bosch;Loodgieter;Ontstoppingsbedrijf Den Bosch;+31 73 369 0463;https://ontstoppingsbedrijfdenbosch.com/;4.8;15;;;;;;
Tilburg;Tandarts;Tandartspraktijk Tilburg;+31 13 542 5810;https://tandartspraktijk-tilburg.nl/;4.4;103;;;+31135425810;https://www.facebook.com/TandartspraktijkTilburg;https://www.instagram.com/tandartstilburg;https://www.linkedin.com/company/2316680
Tilburg;Tandarts;Tandartsenpost Brabant;+31 900 1515;https://tandartsenpostbrabant.nl/nl/;3.6;102;;info@tandartsenpostbrabant.nl;0900-1515, +312225000;https://www.facebook.com/Tandartsenpost-Brabant-105783652312138;https://www.instagram.com/tandartsenpostbrabant;
Tilburg;Tandarts;Tandartspraktijk Hoefstraat;+31 13 208 3380;https://www.tandartspraktijkhoefstraat.nl/;4.8;32;;info@tandartspraktijkhoefstraat.nl;0132083380;https://www.facebook.com/raymond.heijthuijsen;;
Tilburg;Tandarts;Tandarts 013;+31 13 542 4562;https://www.tandarts013.nl/;4.9;23;;Info@tandarts013.nl, info@tandarts013.nl;;;;
Tilburg;Tandarts;Centrum voor Mondzorg Tilburg;+31 13 595 9000;;5.0;2;;;;;;
Tilburg;Tandarts;Tandheelkundig Centrum Spoorlaan;+31 13 580 1888;http://www.tcspoorlaan.nl/;4.8;222;;info@tcspoorlaan.nl;0135801888;;;
Tilburg;Tandarts;Tandartspraktijk E.T. Tan;+31 13 591 0237;http://www.mijntandartspraktijk.nl/;4.3;4;;;;;;
Tilburg;Tandarts;Dental Clinics Tilburg Reeshof;+31 13 571 0606;https://www.dentalclinics.nl/;4.3;176;;;;https://www.facebook.com/DentalClinicsNL;https://www.instagram.com/dentalclinicsnl;https://linkedin.com/company/dental-clinics-nederland
Tilburg;Tandarts;Tandartspraktijk Roestenberg;+31 13 467 5045;http://www.tandartspraktijkroestenberg.nl/;4.5;20;;info@tandartspraktijkroestenberg.nl;;;;
Tilburg;Tandarts;Wilhelminapark Tandartsen;+31 13 207 0472;https://www.wilhelminaparktandartsen.nl/;4.8;31;;info@wilhelminaparktandartsen.nl;+31132070472;https://www.facebook.com/profile.php?id=61558081143017;https://www.instagram.com/wilhelminaparktandartsen;
Den Bosch;Tandarts;West Dent;+31 73 203 2164;http://www.west-dent.nl/;4.9;88;;info@west-dent.nl;+31732032164, +31733037520;;https://www.instagram.com/west.dent.denbosch;
Den Bosch;Tandarts;Tandarts Den Bosch (Mondzorgkliniek);+31 73 689 7955;http://www.tandartsdenbosch.nl/;4.3;102;;;;https://www.facebook.com/Tandarts-Den-Bosch-250531432066566;;https://www.linkedin.com/in/wim-van-uum-24147069
Den Bosch;Tandarts;Dental Clinics Den Bosch;+31 73 613 7742;https://www.dentalclinics.nl/;4.4;146;;;;https://www.facebook.com/DentalClinicsNL;https://www.instagram.com/dentalclinicsnl;https://linkedin.com/company/dental-clinics-nederland
Den Bosch;Tandarts;Mondzorg Poli Spoed Den Bosch;+31 900 1515;https://www.mondzorgpoli.nl/;3.8;198;;amsterdam@mondzorgpoli.nl, denbosch@mondzorgpoli.nl, utrecht@mondzorgpoli.nl;+319001515, +31880222288;https://www.facebook.com/mondzorgpoli;https://www.instagram.com/mondzorgpoli;
Den Bosch;Tandarts;Tandarts Dental&Co Den Bosch;+31 73 303 9039;http://www.dentalenco.nl/;4.8;240;;info@dentalenco.nl;073 303 9039, +3173 303 9039;https://facebook.com/dentalenco;https://instagram.com/dental.en.co;
Den Bosch;Tandarts;Tandartspraktijk Zevenhont;+31 73 641 7722;https://www.tandartspraktijkzevenhont.nl/;4.4;299;;info@zevenhont.com;+31736417722;https://www.facebook.com/profile.php?id=100046435616066;;https://www.linkedin.com/company/tandartsenpraktijk-de-zevenhont-
Den Bosch;Tandarts;Staas & Bergmans;+31 73 613 3433;http://www.zorgvooruwmond.nl/;4.5;386;;rekening@infomedics.nl, info@zorgvooruwmond.nl;0736133433;https://www.facebook.com/zorgvooruwmond;;
Den Bosch;Tandarts;Tandartsen Maaspoort;+31 73 644 0742;https://tandartsenmaaspoort.nl/;4.7;46;;info@zevenhont.com;+31736417722;;;
Den Bosch;Tandarts;Tandartspraktijk de Kooiker;+31 73 621 7016;http://www.tandartspraktijkdekooiker.nl/;4.2;53;;info@dekooiker.nl;+31736217016;https://www.facebook.com/profile.php?id=100063591011808;;
Den Bosch;Fysiotherapie;Fysiotherapie Smits;+31 73 234 0444;http://www.fysiotherapiesmits.nl/;4.8;64;;info@fysiotherapiesmits.nl;0614349004, 0732340444;https://www.facebook.com/fysiotherapiesmits;;
Den Bosch;Fysiotherapie;Fysio 4 Den Bosch;+31 73 614 0505;http://www.fysio4denbosch.nl/;4.7;47;;info@fysio4denbosch.nl;0736140505;https://www.facebook.com/Fysio4DenBosch;http://www.instagram.com/fysio4denbosch;
Den Bosch;Fysiotherapie;LIJV Fysiotherapie Den Bosch;+31 85 006 4880;http://www.lijv.nl/;4.0;9;;info@lijv.nl, secretariaat@lijv.nl;0736890790, 0850064880;;;
Den Bosch;Fysiotherapie;Fysio Moov Den Bosch;+31 73 303 0881;https://www.fysiomoov.nl/;5.0;320;;;;;https://www.instagram.com/fysio_moov;https://nl.linkedin.com/company/fysiomoov
Den Bosch;Fysiotherapie;Fysio Paleiskwartier;+31 73 204 8366;https://www.fysiopaleiskwartier.nl/;5.0;24;;info@fysiopaleiskwartier.nl;0732048366;https://www.facebook.com/Fysio-Paleiskwartier-122180641834632;;
Den Bosch;Fysiotherapie;Fysiom Sportiom;+31 73 553 3553;http://www.fysiom.nl/;4.8;4;;;;https://www.facebook.com/Fysiom-Fysiotherapie-154247121331398;https://www.instagram.com/fysiom;
Den Bosch;Fysiotherapie;Bruyst Den Bosch Centrum;+31 73 614 6286;http://www.bruyst.nl/den-bosch/;5.0;1;;info@bruyst.nl;0884646464;;;
Den Bosch;Fysiotherapie;Fysiotherapie Den Bosch Oost;+31 73 690 9802;http://fysiotherapiedenboschoost.nl/;5.0;3;;ingeperry@hetnet.nl, mvdheyden@fysiotherapiedenboschoost.nl, info@fysiotherapiedenboschoost.nl;;https://www.facebook.com/fysiotherapiedenboschoost;https://www.instagram.com/samenspraakbijkanker;https://www.linkedin.com/company/80484779
Den Bosch;Fysiotherapie;Fysio Deman & Van Grinsven;+31 73 613 4596;http://www.fysiotherapiedemanvangrinsven.nl/;5.0;1;;info@beenhakkersfysio.nl;;;;
Tilburg;Fysiotherapie;Fysio Fitaal Tilburg Centrum;+31 13 302 0191;http://fysiofitaal.nl/;4.9;213;;info@fysiofitaal.nl;013 302 0191;;https://www.instagram.com/fysiofitaal;https://nl.linkedin.com/company/fysiofitaal
Tilburg;Fysiotherapie;Fysi Wilhelminapark;+31 13 543 5841;https://www.fysi.nl/;4.9;101;;%20info@fysi.nl, info@fysi.nl;0135435841, 0031135435841;;;
Tilburg;Fysiotherapie;Fysio Fitaal Tilburg West;+31 13 302 0191;https://fysiofitaal.nl/;4.9;199;;info@fysiofitaal.nl;013 302 0191;;https://www.instagram.com/fysiofitaal;https://nl.linkedin.com/company/fysiofitaal
Tilburg;Fysiotherapie;Science For Rehab;+31 40 304 1683;https://www.scienceforrehabfysiotherapie.nl/;5.0;35;;;;;;
Tilburg;Fysiotherapie;Fysio013 Tilburg Centrum;+31 6 26465786;https://www.fysio013.nl/;4.9;110;;info@fysio013.nl;0031626465786;https://www.facebook.com/defitnessclubvoorjou;https://www.instagram.com/fysio013;
Tilburg;Fysiotherapie;Fysi Koningshaven;+31 13 543 5841;https://www.fysi.nl/;5.0;7;;%20info@fysi.nl, info@fysi.nl;0135435841, 0031135435841;;;
Tilburg;Fysiotherapie;Fysio Plus Tilburg;+31 13 785 9088;https://www.fysioplustilburg.com/;5.0;3;;info@fysioplustilburg.com;;;https://www.instagram.com/fysio_plustilburg;https://www.linkedin.com/in/stijn-van-der-burgt-336a4826
Tilburg;Fysiotherapie;Fysio Binnenstad;+31 13 822 5441;http://www.fysiobinnenstad.nl/;4.3;15;;info@beweegr.nl;+31138225441;https://www.facebook.com/beweegr;https://www.instagram.com/beweegr;https://www.linkedin.com/company/beweegr
Tilburg;Fysiotherapie;Fysio Fitaal Tilburg Reeshof;+31 13 302 0191;https://fysiofitaal.nl/;5.0;158;;info@fysiofitaal.nl;013 302 0191;;https://www.instagram.com/fysiofitaal;https://nl.linkedin.com/company/fysiofitaal
Tilburg;Fysiotherapie;Fysio & Ergotherapie Tilburg Reeshof;+31 13 571 8214;http://www.fysiotherapietilburgreeshof.nl/;3.9;28;;info@fysiotherapietilburgreeshof.nl, info@fysiotherapietilburgnoord.nl, info@fysiotherapietilburgcentrum.nl;;https://www.facebook.com/profile.php?id=100090231294410;https://www.instagram.com/fysiotherapie_tilburg_centrum;
Tilburg;Loodgieter;All In Totaalservice;+31 13 781 0004;https://allintotaalservice.nl/;4.8;52;;;0137810004, +310137810004;https://www.facebook.com/allintotaalservice;;
Tilburg;Loodgieter;Loodgieter Postelmans;+31 13 781 0004;https://allintotaalservice.nl/;3.9;12;;;0137810004, +310137810004;https://www.facebook.com/allintotaalservice;;
Tilburg;Loodgieter;Riool Direct Brabant;+31 6 21344083;https://riooldirect-brabant.nl/;5.0;81;;info@riooldirect-brabant.nl;+31621344083;https://www.facebook.com/RioolDirectNoordBrabant;;
Tilburg;Loodgieter;Ontstoppingsbedrijf Tilburg;+31 13 369 9277;https://ontstoppingsbedrijftilburg.com/;4.8;16;;;;;;
Tilburg;Loodgieter;Riool Totaal Service Tilburg;+31 13 234 0470;https://riooltotaalservice.nl/;4.8;51;;%20info@riooltotaalservice.nl;+31850609544;;;
Tilburg;Loodgieter;Rioolservice Willemen;+31 13 234 0800;https://rioolservicewillemen.nl/;4.9;109;;info@rioolservicewillemen.nl;0132340800;https://www.facebook.com/profile.php?id=61560111297446;https://www.instagram.com/rioolservice_willemen;
Tilburg;Loodgieter;Corné Van Poppel Loodgieter;+31 6 18558785;http://www.vanpoppelloodgietersbedrijf.nl/;4.6;10;;;;;;
Tilburg;Loodgieter;Rolekdetectie;+31 85 064 7866;https://rolekdetectie.nl/;4.8;28;;info@rolekdetectie.nl;0850647866;;;
Tilburg;Loodgieter;Loodgieter Tilburg (.com);+31 6 55151678;http://www.loodgietertilburg.com/;3.0;4;;;;;;
Groningen;Loodgieter;Spoedklussen Groningen 24/7;+31 6 85351002;https://spoedklussengroningen.nl/;4.8;180;;spoed@spoedklussengroningen.nl;0685351002;;;
Groningen;Loodgieter;Tim de Spoed Loodgieter 24/7;+31 6 18533495;http://timdeloodgieter.nl/;4.8;216;;;;;;
Groningen;Loodgieter;Loodgieter Groningen Dmitrii;+31 6 11690696;https://rusanovservices.tilda.ws/;5.0;1;;;;;;
Groningen;Loodgieter;Klussenbedrijf & Loodgieter Paris;+31 6 85644960;;5.0;12;;;;;;
Groningen;Loodgieter;Loodgieter.nl Groningen;+31 50 808 0319;http://www.loodgieter.nl/groningen;3.3;3;;;+31858770419, 0508080319;https://www.facebook.com/loodgieternl;https://www.instagram.com/loodgieter.nl;https://www.linkedin.com/company/loodgieter-nl
Groningen;Loodgieter;Loodgietersbedrijf Tilman;+31 50 577 2500;http://www.tilmanloodgietersbedrijf.nl/;4.4;14;;;;;;
Groningen;Loodgieter;Ontstoppingsbedrijf Groningen (Boersma);+31 50 569 0491;https://ontstoppingsbedrijfgroningen.net/;4.9;9;;;;;;
Groningen;Loodgieter;Moltmaker Installatiebedrijf;+31 6 15263473;http://www.klaasmoltmaker.nl/;3.0;42;;info@klaasmoltmaker.nl;0615263473;;;
Groningen;Loodgieter;De Spoed Ontstopper 24/7;+31 6 84542763;https://deontstopper24-7.nl/;5.0;11;;;;;;
Almere;Fysiotherapie;Fysio Masters Almere;+31 6 10343160;https://www.fysiomasters.nl/;5.0;23;;info@fysiomasters.nl;+31355389777;https://www.facebook.com/fysiomasters.nl;https://www.instagram.com/fysiomasters;https://www.linkedin.com/company/fysio-masters
Almere;Fysiotherapie;Fysiotherapie van Nimwegen;+31 6 20168238;https://fvnfysio.nl/;5.0;67;;;0031620168238;;https://www.instagram.com/fysiotherapie_van_nimwegen_nl;https://www.linkedin.com/in/jarmo-van-nimwegen-3984a779
Almere;Fysiotherapie;Jeroen Bijl Fysiotherapie;+31 6 36435713;https://www.jeroenbijlfysiotherapie.nl/;5.0;7;;info@jeroenbijlfysiotherapie.nl;;;;
Almere;Fysiotherapie;Fix Fysiotherapie;+31 6 23455870;https://fixfysiotherapie.nl/;5.0;130;;;;;;
Almere;Fysiotherapie;Fysiotherapie Almere Jong;+31 6 37011897;https://www.fysiotherapiealmerejong.nl/;5.0;60;;info@jongsportfysiotherapie.nl, info@fysiotherapiealmerejong.nl;0637011897;;;
Almere;Fysiotherapie;DT Fysiocare Almere;+31 6 22395027;https://dtfysiocare.nl/;5.0;75;;info@dtfysiocare.nl;0622395027;;https://www.instagram.com/dtfysiocare_almere;
Almere;Fysiotherapie;Fysio In Huis;+31 36 209 0909;https://www.fysioinhuis.nl/;5.0;1;;;;;;
Almere;Fysiotherapie;Sport Medisch Centrum Almere;+31 36 303 4000;http://www.smcalmere.nl/;4.8;21;;info@smcalmere.nl;+31363034000, 0363034000;http://www.facebook.com/sportmedischcentrumalmere;https://www.instagram.com/smc.almere;
Almere;Fysiotherapie;FysiotherapieRyanHaafkens;+31 6 26060404;http://www.fysiotherapieryanhaafkens.nl/;5.0;100;;;;;;
Groningen;Tandarts;Tandartsspoedpraktijk Groningen;+31 900 8602;https://tandartsspoedpraktijk.nl/groningen/;3.7;132;;callcenter@tandartsspoedpraktijk.nl, info@tandartsspoedpraktijk.nl;09008602;;;
Groningen;Tandarts;Tandartspraktijk Wijert-Noord;+31 50 525 0750;https://groningentandarts.nl/;4.5;76;;;;https://www.facebook.com/TandartspraktijkWijertNoord;;
Groningen;Tandarts;Tandartspraktijk Euvelgunne;+31 50 311 5775;https://www.tandartseuvelgunne.nl/;4.6;9;;info@tandartseuvelgunne.nl, info@alldentalgroningen.nl;+31503115775;;;
Groningen;Tandarts;Tandartspraktijk Heresingel;+31 50 312 5141;https://www.tandartspraktijkheresingel.nl/;4.7;44;;info@tandartspraktijkheresingel.nl, rekening@infomedics.nl;0031503125141;;;
Groningen;Tandarts;Dental Clinics Groningen De Ommelanden;+31 50 571 1200;https://www.dentalclinics.nl/;4.3;149;;;;https://www.facebook.com/DentalClinicsNL;https://www.instagram.com/dentalclinicsnl;https://linkedin.com/company/dental-clinics-nederland
Groningen;Tandarts;TP Rivierenbuurt;+31 50 312 3212;https://tprivierenbuurt.nl/;4.6;138;;info@tprivierenbuurt.nl;+31503123212, 0900-8602;;;
Groningen;Tandarts;Tromp Tandartsen;+31 50 312 5993;http://www.tromptandartsen.nl/;4.6;32;;info@tromptandartsen.nl;+31503125993, +31503185449;;;
Groningen;Tandarts;Hooghiemstra & Aldunein;+31 50 211 0466;https://www.hatandartsen.nl/;5.0;23;;info@hatandartsen.nl;;https://www.facebook.com/HA-tandartsen-106920444354670;https://www.instagram.com/hatandartsen;
Groningen;Tandarts;Tandheelkundig Centrum Reitdiep;+31 50 205 3210;http://www.tandarts-reitdiep.nl/;4.8;6;;info@tandarts-reitdiep.nl;;;;
Groningen;Tandarts;Tandartspraktijk Hartje Groningen;+31 50 312 8110;https://www.tandartspraktijkhartjegroningen.nl/;4.0;9;;info@tandartspraktijkhartjegroningen.nl;0503128110;https://www.facebook.com/Tandartspraktijk-Hartje-Groningen-482496758572371;;
Almere;Tandarts;Narcose Dental Almere;+31 36 203 0839;https://www.narcosedental.nl/;4.9;120;;info@narcosedental.nl;+31362030839;https://www.facebook.com/profile.php?id=100092034381733;https://www.instagram.com/narcose.dental;
Almere;Tandarts;Praktijk voor Tandheelkunde Almere;+31 36 533 3553;https://tandheelkundealmere.tandartsennet.nl/;3.8;17;;sdesanders@tandheelkundealmere.nl;036 5333 553;;;
Almere;Tandarts;Mondzorg Poli Almere;+31 900 1515;https://www.mondzorgpoli.nl/;3.6;123;;amsterdam@mondzorgpoli.nl, denbosch@mondzorgpoli.nl, utrecht@mondzorgpoli.nl;+319001515, +31880222288;https://www.facebook.com/mondzorgpoli;https://www.instagram.com/mondzorgpoli;
Almere;Tandarts;Tandartspraktijk Dentamore;+31 36 760 1906;https://www.dent-amore.nl/;5.0;16;;info@dent-amore.nl;0367601906;;https://www.instagram.com/dentamore_;
Almere;Tandarts;Narcose Tandarts Almere Haven;+31 36 202 2490;https://narcosetandartsalmerehaven.nl/;5.0;1;;;;https://www.facebook.com/profile.php?id=61577675016432;;
Almere;Tandarts;Tandartspraktijk Stedenwijk;+31 36 303 5290;http://tandartspraktijk-stedenwijk.nl/;5.0;2;;info@tandartspraktijk-stedenwijk.nl;;;;
Almere;Tandarts;Dental Clinics Almere Westeinde;+31 36 210 0175;https://www.dentalclinics.nl/;4.4;443;;;;https://www.facebook.com/DentalClinicsNL;https://www.instagram.com/dentalclinicsnl;https://linkedin.com/company/dental-clinics-nederland
Almere;Tandarts;Tandartsenpraktijk K-Dentist;+31 6 45160758;https://www.k-dentist.nl/;5.0;45;;contact@k-dentist.nl;;;;
Almere;Tandarts;Dental Clinics Almere Doddegrasweg;+31 36 533 8787;https://www.dentalclinics.nl/;4.5;339;;;;https://www.facebook.com/DentalClinicsNL;https://www.instagram.com/dentalclinicsnl;https://linkedin.com/company/dental-clinics-nederland
Almere;Tandarts;Almeerse Tandartsen Praktijk;+31 36 533 6006;https://www.almeretandartspraktijk.nl/;4.6;69;;info@almeretandartspraktijk.nl;+31365336006;https://www.facebook.com/Almeerse-Tandartsen-Praktijk-113743143640188;https://www.instagram.com/almere.tandartspraktijk;
Groningen;Fysiotherapie;Fysiotherapie Groningen;+31 50 579 1811;https://www.fysiotherapiegroningen.nl/;4.7;21;;info@fysiotherapiegroningen.nl;;https://www.facebook.com/fysiogroningen;https://www.instagram.com/fysiotherapiegroningen;
Groningen;Fysiotherapie;fysiosportief Vechtstraat;+31 50 313 6988;https://www.fysiosportiefgroningen.nl/;4.8;159;;;;https://www.facebook.com/fysiosportiefgroningen;https://www.instagram.com/fysiosportiefgroningen;
Groningen;Fysiotherapie;Fysioflex Groningen Zielstraweg;+31 6 45358344;https://www.fysioflexgroningen.nl/;5.0;42;;info@fysioflexgroningen.nl;0645358344;;https://www.instagram.com/fysioflexgroningen;https://www.linkedin.com/company/fysioflex-groningen
Groningen;Fysiotherapie;Fysio Gilde Orionlaan;+31 85 040 4808;http://www.fysiogilde.nl/;5.0;57;;info@fysiogilde.nl;0850404808;;;
Groningen;Fysiotherapie;fysiosportief Friesestraatweg;+31 50 313 6988;https://fysiosportiefgroningen.nl/;4.9;58;;;;https://www.facebook.com/fysiosportiefgroningen;https://www.instagram.com/fysiosportiefgroningen;
Groningen;Fysiotherapie;Fysio Gilde Nieuweweg;+31 85 040 4808;http://www.fysiogilde.nl/;4.9;34;;info@fysiogilde.nl;0850404808;;;
Groningen;Fysiotherapie;fysiosportief Munnekeholm;+31 50 313 6988;http://www.fysiosportiefgroningen.nl/;4.9;80;;;;https://www.facebook.com/fysiosportiefgroningen;https://www.instagram.com/fysiosportiefgroningen;
Groningen;Fysiotherapie;Fysiotherapie Beuzenberg;+31 50 311 1827;https://www.fysiotherapiebeuzenberg.nl/;4.9;46;;info@fysiotherapiebeuzenberg.nl;0505536659, 0503111827;https://www.facebook.com/FysiotherapieBeuzenbergGroningen;https://www.instagram.com/fysiobeuzenberg;https://www.linkedin.com/in/rutger-beuzenberg-23173a3b
Groningen;Fysiotherapie;Fysioflex Groningen Energieweg;+31 6 45358344;https://www.fysioflexgroningen.nl/;5.0;28;;info@fysioflexgroningen.nl;0645358344;;https://www.instagram.com/fysioflexgroningen;https://www.linkedin.com/company/fysioflex-groningen
Almere;Loodgieter;Vak Loodgieter Almere;+31 36 234 0002;https://www.vakloodgieteralmere.nl/;4.3;57;;info@vakloodgieter.nl;036 234 0002, 0368080575;https://www.facebook.com/vakloodgieteralmere;https://www.instagram.com/vakloodgieteralmere;https://www.linkedin.com/company/vak-loodgieter-almere
Almere;Loodgieter;Loodgietersbedrijf AM;+31 6 18333954;https://loodgietersbedrijfam.nl/;5.0;247;;info@loodgietersbedrijfam.nl;+31618333954;;https://www.instagram.com/loodgietersbedrijfam;
Almere;Loodgieter;Spoed Loodgieter Almere;+31 6 22554788;https://www.spoedloodgieter-almere.nl/;5.0;9;;;;;;
Almere;Loodgieter;De Loodgieter Almere;+31 6 48712594;http://deloodgieter-almere.nl/;4.9;185;;;;;;
Almere;Loodgieter;Rioolspecialist Almere;+31 36 200 2720;https://rioolspecialistalmere.nl/;5.0;10;;;;;;
Almere;Loodgieter;Momza Loodgieter Almere;+31 6 84975396;http://www.momzaloodgieteralmere.com/;4.8;297;;;;;;
Almere;Loodgieter;Riool Ontstoppen Almere PROF;+31 85 060 9107;https://www.rioolontstoppeninalmere.nl/;4.5;53;;;;;;
Almere;Loodgieter;Ontstoppingsdienst D&S;+31 6 34379266;http://www.spoedloodgieter-almere.nl/;5.0;11;;;;;;
Breda;Loodgieter;Loodgieter Breda Expert;+31 6 13633187;https://loodgieterbredaexpert.nl/;4.9;101;;info@loodgieterbredaexpert.nl;0613633187;;;
Breda;Loodgieter;Loodgieter in Breda;+31 76 204 2040;https://loodgieterinbreda.nl/;4.0;9;;contact@loodgieterinbreda.nl;+31762042040;https://www.facebook.com/Loodgieter-in-Breda-109920987585534;;https://www.linkedin.com/company/loodgieter-breda
Breda;Loodgieter;Optimus Service;+31 6 44015879;https://optimus-service.nl/;5.0;205;;;+31644015879;https://www.facebook.com/profile.php?id=61574211384524;https://www.instagram.com/optimus8555;https://www.linkedin.com/in/ren%C3%A9-kooijmans-888184357
Breda;Loodgieter;Heduro Installatietechniek;+31 76 800 9999;https://www.alle-installatietechnieken-onder-1-dak-breda.nl/;4.1;134;;info@heduro.nl;+31162231109, +31165722912;;;
Breda;Loodgieter;Riool Centraal Breda;+31 76 532 3495;https://www.rioolcentraal.nl/;5.0;42;;info@rioolcentraal.nl;0031765323495;;;
Breda;Loodgieter;Loodgieter Service Breda;+31 76 204 2499;;5.0;1;;;;;;
Breda;Loodgieter;De Been Installatietechniek;+31 6 30804105;https://www.de-been.nl/;4.9;14;;;;;;
Breda;Loodgieter;Loodgietersbedrijf Clerx;+31 76 521 5994;http://www.clerxbv.nl/;4.7;19;;info@clerxbv.nl;0765215994;;;
Breda;Loodgieter;DKM de Rioolspecialist;+31 6 44552088;http://www.dkm-derioolspecialist.nl/;4.3;16;;;;;;
Breda;Loodgieter;Hendriks Installatiewerken;+31 6 30397925;http://www.hendriksinstallatiewerken.nl/;4.7;146;;info@hendriksinstallatiewerken.nl;+31630397925;;;
Breda;Tandarts;Tandarts Breda Brabantplein;+31 6 14685825;https://tandartsen-breda.nl/;4.8;19;;info@tandartsen-breda.nl;;;;
Breda;Tandarts;Centrum voor Tandheelkunde Breda;+31 76 522 5919;https://www.cvt-breda.nl/;4.9;47;;info@cvt-breda.nl;;;;
Breda;Tandarts;Tandartspraktijk Westerhage;+31 76 200 5312;https://tandartspraktijkwesterhage.nl/;4.9;76;;info@tandartspraktijkwesterhage.nl;0762005312;;;
Breda;Tandarts;Tandartspraktijk De Prins;+31 76 204 9800;https://tandartspraktijkdeprins.nl/;5.0;13;;info@tandartspraktijkdeprins.nl, info@mondhygienepraktijkkerckebosch.nl;+31762049800, 0306915444;https://www.facebook.com/profile.php?id=61588090304185;https://www.instagram.com/tandarts_breda;
Breda;Tandarts;Mondzorg Brabant;+31 76 785 1150;https://mondzorgbrabant.nl/;4.8;331;;info@mondzorgbrabant.nl;0767851150;https://www.facebook.com/mondzorgbrabant;;
Breda;Tandarts;Tandzorg Clinic;+31 76 200 5276;https://www.tandzorgclinic.nl/;5.0;46;;info@tandzorgclinic.nl;;https://www.facebook.com/share;https://www.instagram.com/tandzorg_clinic;
Breda;Tandarts;Tandheelkundig Centrum Hoge Vught;+31 76 571 9442;http://www.tandartshogevught.nl/;4.0;24;;info@tandartshogevught.nl;;;;
Breda;Tandarts;Dental Clinics Breda;+31 76 521 4214;https://www.dentalclinics.nl/;4.6;220;;;;https://www.facebook.com/DentalClinicsNL;https://www.instagram.com/dentalclinicsnl;https://linkedin.com/company/dental-clinics-nederland
Breda;Tandarts;Tandheelkundig Centrum Boeimeer;+31 76 522 4411;http://www.tandarts-breda-boeimeer.nl/;4.7;112;;tandarts@tandarts-breda-boeimeer.nl;+31765224411;https://www.facebook.com/Tandarts-Breda-Boeimeer-102448978612095;https://www.instagram.com/tandheelkundigcentrumboeimeer;
Breda;Tandarts;Tandartsen Breda Zuid;+31 76 303 4111;https://tandartsenbredazuid.nl/;5.0;6;;rekening@infomedics.nl, balie@tandartsenbredazuid.nl, info@tandartsenbredazuid.nl;;;;
Breda;Fysiotherapie;Breda Fysiotherapie;+31 76 766 0194;https://www.breda-fysiotherapie.nl/;5.0;1;;;;;;
Breda;Fysiotherapie;Breda West Paramedisch Centrum;+31 76 522 5378;http://www.bredawest.nl/;5.0;11;;contact@bredawest.nl;0765225378;https://www.facebook.com/bredawestpmc;https://www.instagram.com/bredawestpmc;
Breda;Fysiotherapie;Fysiotherapie Breda Oost;+31 76 571 0034;http://www.fysiotherapiebredaoost.nl/;5.0;42;;;;;;
Breda;Fysiotherapie;Medifit Fysiotherapie Breda Pellikaan;+31 76 720 0954;https://medifitfysiotherapie.nl/;4.9;66;;info@medifitfysiotherapie.nl;;facebook.com/medifitfysiotherapie;;
Breda;Fysiotherapie;Fysio Breda;+31 76 700 2168;http://fysio-breda.org/;5.0;1;;;;;;
Breda;Fysiotherapie;De Heelmeester Fysio;+31 76 514 2715;https://www.deheelmeesterfysio.nl/;4.9;52;;;;;;
Breda;Fysiotherapie;Medi Fysio Breda;+31 416 235 612;https://medi-fysio.nl/;5.0;1;;info@medi-fysio.nl;0416235612;https://www.facebook.com/Medifysio;https://www.instagram.com/medifysio;
Breda;Fysiotherapie;Fýsis Fysiotherapie;+31 6 17218641;https://www.fysisfysiotherapie.nl/;5.0;11;;heleen@fysisfysiotherapie.nl;+310617218641;;https://www.instagram.com/de_groene_fysiotherapeut;https://www.linkedin.com/company/degroenefysiotherapeut
Breda;Fysiotherapie;Focus Fysiotherapie;+31 85 076 8958;http://www.focusfysiotherapie.nl/;4.9;39;;info@focusfysiotherapie.nl;;;;
Breda;Fysiotherapie;Fysiotherapie Ruitersbos;+31 76 521 5141;http://www.fysiotherapieruitersbos.nl/;4.9;57;;info@fysiotherapieruitersbos.nl;+31765215141;https://www.facebook.com/profile.php?id=100089094217329;https://www.instagram.com/fysiotherapie_ruitersbos;
Apeldoorn;Loodgieter;Ontstoppingsbedrijf Apeldoorn;+31 55 569 0006;https://ontstoppingsbedrijfapeldoorn.com/;4.8;17;;;;;;
Apeldoorn;Loodgieter;Loodgieters Apeldoorn;+31 55 206 0498;;3.1;18;;;;;;
Apeldoorn;Loodgieter;Installatiebedrijf Groothedde;+31 55 521 3594;https://gebroedersgroothedde.nl/;4.7;40;;info@gebroedersgroothedde.nl;;;;http://www.linkedin.com/company/gebroedersgroothedde
Apeldoorn;Loodgieter;NFL Allround Service;+31 85 744 4806;http://www.nflallroundservice.nl/;4.7;69;;info@nflallroundservice.nl, nflallroundservice@gmail.com;0616233808, 0857444806;https://www.facebook.com/profile.php?id=61576373246461;https://www.instagram.com/nflallroundservice;
Apeldoorn;Loodgieter;Loodgieter X;+31 6 36106357;http://www.loodgieterx.nl/;4.8;15;;info@loodgieterx.nl;;;;
Apeldoorn;Loodgieter;FixLoodgieter;+31 6 83303132;https://fixloodgieter.nl/;5.0;24;;fixloodgieter@gmail.com;+31683303132;;;
Apeldoorn;Loodgieter;Herman de Boer Installatietechniek;+31 55 540 9440;http://www.hermandeboer.nl/;4.6;14;;;;;;
Apeldoorn;Loodgieter;Installatiebedrijf Kerker;+31 55 312 7876;https://www.installatiebedrijfkerker.nl/;5.0;17;;info@installatiebedrijfkerker.nl;0553127876;;https://www.instagram.com/installatiebedrijfkerker1;
Apeldoorn;Loodgieter;Installatiebedrijf Kok;+31 6 55718679;;4.2;13;;;;;;
Apeldoorn;Loodgieter;Langenbach Ontstoppingsbedrijf;+31 55 541 1660;http://www.langenbachvof.nl/;4.7;42;;info@langenbachvof.nl;;;;
Apeldoorn;Fysiotherapie;Fysiotherapie Zegers;+31 55 234 0350;https://www.fysiotherapiezegers.nl/;5.0;187;;;0552340350;https://www.facebook.com/profile.php?id=61567218975631;https://www.instagram.com/fysiotherapiezegers;https://www.linkedin.com/in/stephanzegers
Apeldoorn;Fysiotherapie;Fysiolokaal Apeldoorn;+31 6 24779438;https://www.fysiolokaalapeldoorn.nl/;5.0;25;;;;;;
Apeldoorn;Fysiotherapie;Fysio-Orden Pieter Bakker;+31 55 578 7500;https://www.fysio-orden.nl/;4.5;6;;fysiotherapieter@gmail.com;;;;
Apeldoorn;Fysiotherapie;Fysio Zevenhuizen & Zuidbroek;+31 55 366 0392;http://www.fysio7huizen.nl/;5.0;10;;info@fysio7huizen.nl;;https://www.facebook.com/fysiotherapiezevenhuizenzuidbroek;;
Apeldoorn;Fysiotherapie;FysioNU De Linie;+31 55 522 5553;http://www.fysionu.nl/;4.7;11;;info@fysionu.nl;;https://www.facebook.com/profile.php?id=100028342707197;https://www.instagram.com/fysionu;https://www.linkedin.com/company/fysionu
Apeldoorn;Fysiotherapie;Fysiotherapie Apeldoorn Zuid;+31 55 533 2424;https://www.fysiotherapieapeldoornzuid.nl/;4.0;4;;;;;;
Apeldoorn;Fysiotherapie;Fysiotherapie Houwer & Ruijs;+31 55 360 5681;https://www.fysiotherapiehouwerenruijs.nl/;3.9;23;;;;https://www.facebook.com/pages/Houwer-Ruijs-Fysiotherapie/439901269504951;http://www.instagram.com/houwerenruijsfysiotherapie;https://www.linkedin.com/company/houwer-
Apeldoorn;Fysiotherapie;FysioNU Orden;+31 55 522 5553;http://www.fysionu.nl/;4.7;10;;info@fysionu.nl;;https://www.facebook.com/profile.php?id=100028342707197;https://www.instagram.com/fysionu;https://www.linkedin.com/company/fysionu
Apeldoorn;Fysiotherapie;Praktijk Pietersen;+31 55 579 0384;https://www.praktijkpietersen.nl/;4.8;16;;info@praktijkpietersen.nl, anne@praktijkpietersen.nl, jelte@praktijkpietersen.nl;055 579 03 84;https://www.facebook.com/PraktijkPietersenApeldoorn;;https://nl.linkedin.com/in/anne-ferwerda-3755b71a9
Apeldoorn;Tandarts;Tandartspraktijk Apeldoorn Zuid;+31 55 533 3670;https://tandartspraktijkapeldoornzuid.nl/;4.9;10;;;;;;
Apeldoorn;Tandarts;Beekpark Tandartsen;+31 55 522 4040;https://www.beekparktandartsen.nl/;4.0;47;;receptie@beekparktandartsen.nl;;https://www.facebook.com/Beekpark-Tandartsen-Apeldoorn-504980629552455;https://www.instagram.com/beekparktandartsen;https://www.linkedin.com/company/beekpark-tandartsen
Apeldoorn;Tandarts;Wijsman en Koster Tandartsen;+31 55 534 6350;https://www.wktandartsen.nl/;4.7;57;;;;;;
Apeldoorn;Tandarts;Luma Tandartspraktijk;+31 6 82607940;https://www.luma-tandartspraktijk.nl/;5.0;7;;info@luma-tandartspraktijk.nl;+31682607940;https://www.facebook.com/profile.php?id=61584695540014;https://www.instagram.com/lumatandartspraktijk;
Apeldoorn;Tandarts;Samenwerkende Tandartsen de Maten;+31 55 539 6587;https://www.tandarts-apeldoorn-maten.nl/;4.0;90;;maten@samenwerkendetandartsen.nl;;https://www.facebook.com/753700167998053;;
Apeldoorn;Tandarts;Verwijspraktijk De Mondhoek;+31 55 521 2277;https://www.mondhoek.nl/;4.6;161;;info@mondhoek.nl, rekening@infomedics.nl;;;;
Apeldoorn;Tandarts;Veluwe Tandartsen;+31 55 781 0020;http://www.veluwetandartsen.nl/;4.5;31;;info@veluwetandartsen.nl;0557810020;https://www.facebook.com/veluwetandartsen;https://instagram.com/veluwetandartsen;
Apeldoorn;Tandarts;Dental Clinics Apeldoorn Zonnedauw;+31 55 521 6125;https://www.dentalclinics.nl/;4.2;176;;;;https://www.facebook.com/DentalClinicsNL;https://www.instagram.com/dentalclinicsnl;https://linkedin.com/company/dental-clinics-nederland
Apeldoorn;Tandarts;Samenwerkende Tandartsen de Parken;+31 55 576 2577;https://www.tandarts-apeldoorn-parken.nl/;4.5;41;;parken@samenwerkendetandartsen.nl;;https://www.facebook.com/253945398123465;;
Apeldoorn;Tandarts;Tandpunt Apeldoorn;+31 55 200 2432;https://tandpuntapeldoorn.nl/;5.0;11;;info@tandpuntapeldoorn.nl;31552002432;;https://www.instagram.com/tandpuntapeldoorn;https://www.linkedin.com/company/tandpunt-apeldoorn
Nijmegen;Dierenarts;Dierenkliniek St. Anna 404;+31 24 355 0734;http://www.sintanna404.nl/;4.6;197;;info@sintanna404.nl;0900 1120 123;https://www.facebook.com/DierenkliniekStAnna404;https://www.instagram.com/dierenklinieksintanna404;
Nijmegen;Dierenarts;Dierenkliniek Hees;+31 24 377 7596;http://www.dierenkliniekhees.nl/;4.6;231;;;0243777596;https://www.facebook.com/DierenkliniekHees;https://www.instagram.com/dierenkliniekhees;
Nijmegen;Dierenarts;Dierenkliniek de Aam;+31 85 400 0124;https://www.dierenkliniekdeaam.nl/;4.8;93;;info@dierenkliniekdeaam.nl;0854000124;https://www.facebook.com/dierenkliniekdeaam;https://www.instagram.com/dierenkliniekdeaam;
Nijmegen;Dierenarts;Dierenkliniek Dukenburg;+31 24 344 9449;https://www.dierenkliniekdukenburg.nl/;4.6;263;;;;https://www.facebook.com/DierenkliniekDukenburg;https://www.instagram.com/dierenkliniekdukenburg;
Nijmegen;Dierenarts;Dierenkliniek Broerdijk;+31 24 322 5331;http://www.dierenkliniekbroerdijk.nl/;4.5;144;;info@dierenkliniekbroerdijk.nl;+31243225331, +319001120123;https://www.facebook.com/Nijmegendierenkliniekbroerdijk;;
Nijmegen;Dierenarts;Dierenkliniek Pijnappel;+31 24 323 0320;http://www.dierenkliniekpijnappel.nl/;4.5;242;;info@dierenkliniekpijnappel.nl;;https://www.facebook.com/profile.php?id=100063899501804;;
Nijmegen;Dierenarts;Dierenkliniek Lindenholt;+31 24 388 6088;http://www.dierenklinieklindenholt.com/;4.5;161;;;;https://www.facebook.com/Dierenkliniek-Lindenholt-462268010572781;;
Nijmegen;Dierenarts;Dierenkliniek De Waalsprong;+31 24 303 1101;http://www.dierenkliniekdewaalsprong.nl/;4.7;266;;info@dierenkliniekdewaalsprong.nl;0243031101, 0620570885;facebook.com/dierenkliniekdewaalsprong;https://www.instagram.com/dierenkliniekdewaalsprong;
Nijmegen;Dierenarts;Dierenkliniek Lent;+31 24 360 6422;https://www.dierenklinieklent.nl/;4.6;122;;info@dierenklinieklent.nl;;;;
Nijmegen;Dierenarts;Dierenambulance Nijmegen;+31 24 355 0222;http://www.dierenambulancenijmegen.nl/;4.7;87;;info@dierenambulancenijmegen.nl;+31243550222, 31243550222;https://www.facebook.com/Dierenambulancenijmegen;https://www.instagram.com/dierenambulancenijmegen;https://www.linkedin.com/company/dierenambulance-nijmegen-e-o
Arnhem;Fysiotherapie;Fysio Donders;+31 26 443 3523;https://www.fysiodonders.nl/;4.7;549;;;0264433523;https://www.facebook.com/fysiodonders;https://www.instagram.com/fysiodonders;https://www.linkedin.com/company/fysio-donders
Arnhem;Fysiotherapie;Fysio Velperweg;+31 26 445 3719;http://fysiovelperweg.nl/;4.6;27;;;;;;
Arnhem;Fysiotherapie;Arnhem West Fysio;+31 26 845 0282;http://www.arnhemwestfysio.nl/;5.0;3;;info@arnhemwestfysio.nl;+31268450282;;;
Arnhem;Fysiotherapie;Fysiotherapie Cranevelt;+31 6 81402672;http://www.fysiotherapiecranevelt.nl/;5.0;76;;craneveltfysiotherapie@hotmail.com;;https://facebook.com/profile.php?id=61551101260629;https://instagram.com/fysiotherapie_cranevelt;
Arnhem;Fysiotherapie;Het Fysiotherapeutisch Instituut;+31 26 361 0057;http://www.fysio-instituut.nl/;4.5;15;;info@fysio-instituut.nl;;https://www.facebook.com/Fysiotherapeutisch-Instituut-755776544499221;;https://www.linkedin.com/company/het-fysiotherapeutisch-instituut
Arnhem;Fysiotherapie;Lightning Recovery & Performance;+31 26 202 2935;https://recovery-fysio.nl/;5.0;10;;;;;;
Arnhem;Fysiotherapie;Fysiotherapie Rijnkade;+31 26 445 2525;http://www.fysiotherapierijnkade.nl/;4.7;14;;info@fysiotherapierijnkade.nl;;;https://www.instagram.com/fysiotherapierijnkade;https://www.linkedin.com/company/fysiotherapiepraktijk-rijnkade
Velp;Fysiotherapie;Fysio Donders Velp;+31 26 443 3523;https://fysiodonders.nl/;4.7;196;;;0264433523;https://www.facebook.com/fysiodonders;https://www.instagram.com/fysiodonders;https://www.linkedin.com/company/fysio-donders
Arnhem;Fysiotherapie;Fysiotherapie Vitaal;+31 6 10205862;http://www.fysiotherapievitaal.nl/;4.9;41;;info@fysiotherapievitaal.nl;0610205862;https://www.facebook.com/fysiotherapievitaalarnhem;https://www.instagram.com/fysio_vitaal;https://www.linkedin.com/company/fysiotherapie-vitaal
Arnhem;Fysiotherapie;Fysiotherapie Sonswijck;+31 26 443 0154;http://www.fysiosonswijck.nl/;4.2;10;;info@fysiosonswijck.nl;;;;
Arnhem;Loodgieter;Loodgieterram;+31 6 34389878;http://www.loodgieterram.nl/;5.0;413;;;0634389878;;https://www.instagram.com/loodgieterram;
Arnhem;Loodgieter;Lekbeheer;+31 85 080 5588;https://www.lekbeheer.net/;4.9;48;;info@lekbeheer.net;;;;
Arnhem;Loodgieter;Loodgieter Arnhem Spoed 026;+31 26 202 2059;https://www.loodgieterarnhem026.nl/;1.0;3;;;+31262022059;https://www.facebook.com/LoodgieterArnhem026-989155281222124;;
Arnhem;Loodgieter;Ontstoppingsbedrijf Arnhem;+31 26 669 0296;https://ontstoppingsbedrijfarnhem.com/;4.9;15;;;;;;
Arnhem;Loodgieter;Totaalinstallateur Herestein;+31 26 443 1501;http://www.herestein.com/;4.1;46;;service@herestein.com, info@herestein.com;;https://www.facebook.com/Herestein;;https://www.linkedin.com/in/bennie-burgers-9b26ba54
Arnhem;Loodgieter;Ontstoppingsdienst Arnhem;+31 6 21882232;http://www.ontstoppingsdienstarnhem.nl/;5.0;102;;info@ontstoppingsdienstarnhem.nl;+31621882232;;;
Arnhem;Loodgieter;Beekmans Loodgieter;+31 13 536 3927;http://beekmansloodgieter.nl/;5.0;15;;info@beekmansloodgieter.nl;+31135363927;http://www.facebook.com/beekmansgroep;https://www.instagram.com/beekmans_loodgieter;https://www.linkedin.com/company/beekmans-installaties
Arnhem;Loodgieter;wgv installatie;+31 6 50645998;https://www.wgvinstallatie.nl/;4.9;32;;info@wgvinstallatie.nl;0650645998;https://www.facebook.com/wgvinstallatie;https://www.instagram.com/wgvinstallatie;
Arnhem;Loodgieter;MH Installatietechniek;+31 6 53921291;https://www.mhainstallatietechniek.nl/;5.0;4;;info@mhainstallatietechniek.nl;+31622222222;;https://www.instagram.com/mhinstallatietechniek;
Arnhem;Loodgieter;Bröker Installatietechniek;+31 26 234 0505;https://brokerinstallatie.nl/;4.9;84;;info@brokerinstallatie.nl;0262340505;https://www.facebook.com/Brokerinstallatie;https://www.instagram.com/brokerinstallatie;
Nijmegen;Rijschool;Rijschool NivoXL;+31 6 10559944;http://www.nivoxl.nl/;4.8;538;;info@nivoxl.nl;+31243505035;https://www.facebook.com/rijschoolNivoXL;http://instagram.com/rijschoolnivoxl;
Nijmegen;Rijschool;Rijschool Paul Lam;+31 24 377 0143;https://www.paullam.nl/;4.9;344;;info@paullam.nl;0031243770143;https://www.facebook.com/Paullamverkeersschool;https://www.instagram.com/paullamverkeersschool;
Wijchen;Rijschool;ANWB Rijschool Nijmegen;+31 24 744 0599;https://www.anwb.nl/;4.8;421;;;;;www.instagram.com/anwb;www.linkedin.com/company/anwb
Nijmegen;Rijschool;024drive Rijschool;+31 6 20002127;https://www.024drive.nl/;4.9;200;;info@024drive.nl;0620002127;;;
Nijmegen;Rijschool;Autorijschool Speed;+31 85 043 3070;http://www.rijschool-speed.nl/;4.7;244;;info@rijschool-speed.nl, ronnie@rijschool-speed.nl;;;;
Nijmegen;Rijschool;NOVA Verkeersopleidingen;+31 24 388 2000;http://www.nova-verkeersopleidingen.nl/;4.7;181;;;;;;
Nijmegen;Rijschool;Rijschool Connectie Nijmegen;+31 6 46552565;https://rijschoolconnectie.nl/;5.0;60;;info@rijschoolconnectie.nl;;;;
Nijmegen;Rijschool;Rijschool Creatief;+31 6 81306406;https://www.rijschoolcreatief.nl/;5.0;74;;rijschoolcreatief@gmail.com;0681306406;;;
Nijmegen;Rijschool;Autorijschool Cinodrive;+31 6 42711765;https://rijschoolcinodrive.nl/;5.0;64;;info@rijschoolcinodrive.nl;31642711765;https://www.facebook.com/Autorijschool-Cinodrive-1558763837682125;https://www.instagram.com/cinodrive;
Arnhem;Tandarts;Tandheelkundig Centrum Arnhem Noord;+31 26 443 5190;http://www.tcan.nl/;4.5;289;;;;;;
Arnhem;Tandarts;Tandartspraktijk Royal Dental;+31 6 49258311;https://www.royaldentalpraktijk.nl/;5.0;152;;info@royaldentalpraktijk.nl;0649258311;;;
Arnhem;Tandarts;Mondzorg Velperweg;+31 26 361 4731;https://www.mondzorgvelperweg.nl/;4.2;109;;info@mondzorgvelperweg.nl;0263614731;;;
Arnhem;Tandarts;Arnhem Dental;+31 26 389 3330;https://arnhemdental.nl/;3.7;29;;;;;;
Arnhem;Tandarts;Tandpark;+31 26 303 1247;http://tandpark.nl/;4.5;379;;info@tandpark.nl, roel@tandpark.nl;026 3031247, 09001515;;;
Arnhem;Tandarts;Tandartspraktijk Rijnzigt;+31 26 442 2519;http://www.rijnzigt.nl/;4.7;13;;;;;;
Arnhem;Tandarts;Dental365 Spoedtandarts Arnhem;+31 900 1515;https://dental365.nl/;4.0;128;;info@dental365.nl, declaraties@dental365.nl;09001515, 0900-1515;https://www.facebook.com/dental365ams;;
Arnhem;Tandarts;Tandarts Arnhem Zuid;+31 26 323 1112;https://tandartsarnhemzuid.nl/;3.8;28;;;;;;
Arnhem;Tandarts;Tandzorg Arnhem;+31 26 361 5100;https://tandzorgarnhem.nl/;2.8;27;;info@tandzorgarnhem.nl;;;;
Arnhem;Tandarts;Tandarts in het Span;+31 26 202 2426;http://www.tandartsinhetspan.nl/;5.0;3;;info@tandartsinhetspan.nl;+31262022426;https://www.facebook.com/profile.php?id=100086710866623;https://www.instagram.com/tandartsinhetspan;
Nijmegen;Kapper;Kapsalon Sina;+31 6 82041299;http://www.kapsalonsina.nl/;5.0;474;;;+31682041299;;https://instagram.com/kapsalonsina;
Nijmegen;Kapper;Hair & Looks Nijmegen;+31 24 360 3110;https://hairandlooks.nl/;4.8;127;;;;;;
Nijmegen;Kapper;Hezel Hair;+31 6 22512078;https://www.hezelhair.com/;4.9;53;;hezelhair@gmail.com;;;https://www.instagram.com/hezelhair;
Nijmegen;Kapper;Haarstudio Hatert;+31 6 44448908;https://haarstudiohatert.nl/;4.8;163;;;;;;
Nijmegen;Kapper;Barbershop Nijmegen Centrum;+31 6 48338788;https://barbershopnijmegencentrum.nl/;4.9;203;;info@barbershop-nijmegen.nl;06 48338788;;https://www.instagram.com/barbershopnijmegencentrum;
Nijmegen;Kapper;De Daameskamer Kappers;+31 24 206 3659;https://daameskamer.nl/;4.9;120;;;0242063659;https://www.facebook.com/pages/category/Hair-Salon/De-Daameskamer-kappers-113681980419389;https://www.instagram.com/daameskamer;
Nijmegen;Kapper;Friendly Hairdesign;+31 24 203 6250;https://friendlyhairdesign.nl/;4.9;195;;;0242036250;https://www.facebook.com/friendlyhairdesign;https://www.instagram.com/friendlyhairdesign;https://www.linkedin.com/in/karin-meijs-friendly-hairdesign-49636b220
Nijmegen;Kapper;Scissors Up;+31 6 46380298;https://scissorsup.nl/;5.0;16;;info@scissorsup.nl;;;;
Nijmegen;Kapper;De Heerenkamer Kappers;+31 24 322 1026;https://www.heerenkamerkappers.nl/;4.9;99;;;0243221026;https://www.facebook.com/heerenkamer;https://www.instagram.com/deheerenkamer_kappers;https://www.linkedin.com/in/theo-van-de-wouw-a13b0927
Nijmegen;Kapper;Blink Kappers;+31 24 360 4404;http://www.blinkkappers.nl/;4.7;69;;info@blinkkappers.nl;0243604404;https://www.facebook.com/BLINKKAPPERSNijmegen;https://www.instagram.com/blink.kappers;
Eindhoven;Dierenarts;Dierenziekenhuis Eindhoven;+31 40 304 0054;https://www.dierenziekenhuiseindhoven.nl/;4.7;559;;info@dzeh.nl;+31403040054, +31403035153;https://www.facebook.com/dierenziekenhuis;https://www.instagram.com/dierenziekenhuis;
Eindhoven;Dierenarts;Petcare Dierenartsen;+31 40 751 0522;https://www.petcaredierenartsen.nl/;4.4;836;;;;;;
Eindhoven;Dierenarts;AniCura 'T Heike Eindhoven;+31 40 257 1517;https://www.anicura.nl/;4.7;240;;;;https://www.facebook.com/AniCuraNederland;https://www.instagram.com/anicura.nl;https://nl.linkedin.com/company/anicura-nederland
Eindhoven;Dierenarts;Dier en Dokter Stratum;+31 40 211 2450;https://www.dier-en-dokter.nl/;4.4;216;;;;https://www.facebook.com/dierenkliniekdierendokter;https://www.instagram.com/dierendokter;
Eindhoven;Dierenarts;DierenDokters Kalmoesplein;+31 40 212 6126;http://www.dierendokters.com/;4.6;226;;;;facebook.com/DierenDokters;;
Eindhoven;Dierenarts;Dierenkliniek Nederlandplein;+31 40 292 6909;https://www.dierenklinieknederlandplein.nl/;4.7;259;;;+31402926909;https://www.facebook.com/dierenkliniek.nederlandplein;https://www.instagram.com/dierenkliniek_nederlandplein;
Eindhoven;Dierenarts;Dierenkliniek Achtse Barrier;+31 40 241 6194;https://www.dierenkliniekachtsebarrier.nl/;4.5;126;;;+31402416194, +319004455555;https://www.facebook.com/DierenkliniekAchtseBarrier;;
Eindhoven;Dierenarts;Dierenkliniek Tongelre;+31 40 281 1910;https://dierenkliniektongelre.nl/;4.5;233;;info@dierenkliniektongelre.nl;;https://facebook.com/103702989974283;;
Eindhoven;Dierenarts;Dierenkliniek Gestel;+31 40 255 0278;http://www.dierenkliniekgestel.nl/;4.6;170;;dierenkliniekgestel@outlook.com;;https://www.facebook.com/profile.php?id=61561776119921;https://www.instagram.com/dierenkliniekgestel;
Eindhoven;Dierenarts;Dier en Dokter Hoogstraat;+31 40 257 0057;https://www.dier-en-dokter.nl/;4.0;54;;;;https://www.facebook.com/dierenkliniekdierendokter;https://www.instagram.com/dierendokter;
Tilburg;Dierenarts;Dierenartsenpraktijk Tilburg;+31 13 467 4590;http://dierenartstilburg.com/;4.5;302;;info@dierenartstilburg.com;;;;
Tilburg;Dierenarts;Dierenkliniek Tilburg Oud Noord;+31 13 303 1818;http://www.dierenkliniektilburgoudnoord.nl/;4.7;81;;;;https://www.facebook.com/DierenkliniekTilburgOudNoord;;
Tilburg;Dierenarts;Dierenkliniek Stokhasselt;+31 13 504 2402;http://www.damb.nl/;4.7;255;;Info@damb.nl, info@damb.nl;;;;
Tilburg;Dierenarts;Dierenkliniek Mortelplein;+31 13 463 0056;https://www.dierenkliniekdenherd.nl/;4.5;182;;;;https://www.facebook.com/Dierenkliniek-Den-Herd-Mortelplein-102710342294357;https://www.instagram.com/dierenkliniekmortelplein;
Tilburg;Dierenarts;Dierenkliniek Smarius;+31 13 570 0117;http://www.dierenklinieksmarius.nl/;4.7;728;;info@dierenklinieksmarius.nl;0135700117, +31135700117;;;
Tilburg;Dierenarts;Dierenkliniek Oerle;+31 13 542 5529;http://www.dierenkliniekoerle.nl/;4.7;259;;;;;;
Tilburg;Dierenarts;Dierenkliniek Den Herd;+31 13 542 0274;https://www.dierenkliniekdenherd.nl/;4.5;419;;;;https://www.facebook.com/Dierenkliniek-Den-Herd-Mortelplein-102710342294357;https://www.instagram.com/dierenkliniekmortelplein;
Tilburg;Dierenarts;Vets Place Tilburg Aabe;+31 13 207 7117;https://www.vetsplace.nl/;4.0;69;;info@vetsplace.nl;;;;
Tilburg;Dierenarts;Vets Place Tilburg Umberstraat;+31 13 207 7900;https://www.vetsplace.nl/;4.4;33;;info@vetsplace.nl;;;;
Tilburg;Dierenarts;Dierenkliniek Den Besterd;+31 13 513 4754;http://www.dierenkliniekdenbesterd.nl/;3.3;51;;;;;;
Son;Rijschool;Autorijschool Eindhoven;+31 6 41447282;https://autorijschooleindhoven.com/;5.0;185;;info@autorijschooleindhoven.com;+31854013173;;;
Eindhoven;Rijschool;Rijschool Kwaliteit Eindhoven;+31 40 303 5154;https://rijschoolkwaliteiteindhoven.nl/;4.8;943;;info@rijschoolkwaliteiteindhoven.nl, %20info@rijschoolkwaliteiteindhoven.nl;0403035154;https://www.facebook.com/rijschoolkwaliteiteindhoven;https://www.instagram.com/rijschoolkwaliteiteindhoven;
Eindhoven;Rijschool;Automaat Rijles Eindhoven;+31 6 23315037;https://www.rs-solid.nl/;4.9;214;;;;https://www.facebook.com/rijschoolsolid;https://www.instagram.com/rijschoolsolid;
Eindhoven;Rijschool;Rijschool EHVLegend;+31 6 18680008;https://ehvlegend.nl/;4.9;77;;info@legendbv.nl;0618680008, +31618680008;;https://www.instagram.com/ehvlegend;
Eindhoven;Rijschool;Start Driving Eindhoven;+31 6 48630007;https://www.startdrivingeindhoven.nl/;5.0;73;;info@rijschoolstartdriving.nl;0648630007, +31648630007;https://www.facebook.com/RijschoolStartDriving;https://www.instagram.com/rijschoolstartdriving;
Eindhoven;Rijschool;Autorijschool Martijn;+31 6 30369575;https://www.autorijschoolmartijn.nl/;4.9;63;;info@autorijschoolmartijn.nl;;https://www.facebook.com/autorijschool.martijn.eindhoven;https://www.instagram.com/autorijschoolmartijn;
Eindhoven;Rijschool;Rijschool Wildenberg;+31 40 211 9942;http://www.rijschoolwildenberg.nl/;4.9;1091;;info@rijschoolwildenberg.nl;+3140 211 99 42;https://www.facebook.com/rijschoolwildenberg;https://www.instagram.com/rijschool_wildenberg;
Eindhoven;Rijschool;Rijschool Reza;+31 40 231 0997;https://www.rijschoolreza.nl/;5.0;77;;;0648739807;https://www.facebook.com/rijschoolreza;https://www.instagram.com/rijschoolreza;
Eindhoven;Rijschool;Rijles4u;+31 6 81026217;https://www.rijles4u.nl/;4.9;143;;info@rijles4u.nl;+31403041970, +31681026217;;https://www.instagram.com/rijles4u;
Eindhoven;Rijschool;Rijschool Fit2drive;+31 6 44589377;https://fit2drive.nl/;5.0;36;;info@fit2drive.nl;0644589377;https://www.facebook.com/profile.php?id=61576456715545;;
Eindhoven;Kapper;Tino Novelli Hair;+31 40 243 0090;http://www.tinonovellihair.nl/;4.5;46;;info@tinonovelli.com;;http://www.facebook.com/thehairdresserehv;http://www.instagram.com/______thehairdresserehv______;
Eindhoven;Kapper;Kapsalon Milan;+31 40 879 5229;https://www.facebook.com/KapsalonMilan/;4.6;860;;;;;;
Eindhoven;Kapper;Hair & Looks Eindhoven;+31 40 245 0603;https://hairandlooks.nl/;4.7;157;;;;;;
Eindhoven;Kapper;Arena Kappers Eindhoven;+31 40 246 0661;http://www.arenakappers.nl/;4.7;214;;;0031402183138, 0031402460661;http://www.facebook.com/arenakappers;http://instagram.com/arenakappers;
Eindhoven;Kapper;Kapsalon Kimo;+31 6 35628474;https://kapsalonkimo.netlify.app/;4.9;170;;;;;;
Eindhoven;Kapper;Glamour Kapper Eindhoven;+31 40 842 3476;https://glamour.studio/;4.7;308;;;;https://www.facebook.com/glamoureindhoven;https://www.instagram.com/glamoureindhoven;https://www.linkedin.com/company/27150417
Eindhoven;Kapper;Reon Hairstylist;+31 40 211 1970;http://www.reon.nl/;4.9;23;;hello@pixelarity.com;;https://www.facebook.com/pages/Reon-Hairstylist/213684711992637;;
Eindhoven;Kapper;Amore Beauty (Strijp);+31 6 18625682;https://www.amorebeauty.nl/;4.5;180;;info@amorebeauty.nl;0402985272;https://www.facebook.com/profile.php?id=100091760424324;https://instagram.com/amorebeauty.salom;
Eindhoven;Kapper;S.M Kapsalon;+31 6 87007325;https://www.s-m-kapsalon.nl/;5.0;97;;info@s-m-kapsalon.nl;0687007325;https://www.facebook.com/profile.php?id=61577577851480;https://www.instagram.com/smkapsalon;
Eindhoven;Kapper;Aissa Barber (Strijp);+31 6 13320022;https://www.aissakapperszaak.nl/;4.6;331;;info@aissakapperszaak.nl;+31613320022, +31616498752;https://www.facebook.com/aissakapperszaak;https://www.instagram.com/aissakapperszaak;
Tilburg;Rijschool;Verkeersopleider Tilburg;+31 85 820 0916;http://verkeersopleider.nl/;5.0;489;;info@verkeersopleider.nl;;;;
Tilburg;Rijschool;Start Driving Tilburg;+31 6 48630007;https://www.rijschoolstartdriving.nl/;4.9;670;;info@rijschoolstartdriving.nl;0648630007, +31648630007;https://www.facebook.com/RijschoolStartDriving;https://www.instagram.com/rijschoolstartdriving;
Tilburg;Rijschool;Rijschool Souldrive;+31 6 11808513;http://www.souldrive.nl/;5.0;336;;info@souldrive.nl;0031611808513;https://www.facebook.com/rijschoolsouldrive;https://www.instagram.com/rijschoolsouldrive;
Tilburg;Rijschool;Verkeersschool Tilburg;+31 13 535 6935;http://www.verkeersschooltilburg.nl/;3.8;49;;info@verkeersschooltilburg.nl;+31135356935;https://www.facebook.com/verkeersschooltilburg;https://www.instagram.com/verkeersschooltilburg;https://www.linkedin.com/in/verkeersschool-tilburg-78aab7186
Tilburg;Rijschool;Rijschool Leskundig;+31 6 13764444;https://rijschoolleskundig.nl/;5.0;65;;Rijschoolleskundig@gmail.com, rijschoolleskundig@gmail.com;+31613764444;;;
Tilburg;Rijschool;Rijschooltilburg.com;+31 6 42483494;https://rijschooltilburg.com/;5.0;1;;info@rijschooltilburg.com, info@rijschooltilburg.nl;+31858200913, +31647901076;;;
Tilburg;Rijschool;Rijschool Het Zwaantje;+31 6 36458145;https://www.rijschoolhetzwaantje.nl/;5.0;66;;;+066458145;;http://www.instagram.com/rijschoolhetzwaantje;
Tilburg;Rijschool;Verkeersopleider Theorie Tilburg;+31 85 820 0913;https://verkeersopleider.nl/;5.0;23;;info@verkeersopleider.nl;;;;
Tilburg;Rijschool;ANWB Rijschool Tilburg;+31 13 744 0599;https://www.anwb.nl/;4.7;55;;;;;www.instagram.com/anwb;www.linkedin.com/company/anwb
Tilburg;Rijschool;Motorrijles Tilburg;+31 6 42483494;https://motorrijlestilburg.nl/;4.9;62;;info@motorrijlestilburg.nl;+31642483494;;;
Tilburg;Kapper;Barbershop Ismat;+31 6 38892185;;4.9;337;;;;;;
Tilburg;Kapper;Omran Salon;+31 13 303 0033;https://online-omransalon.flexxis.nl/;5.0;654;;;;;;
Tilburg;Kapper;Ali's Kapsalon/Barber;+31 6 25190998;;4.9;189;;;;;;
Tilburg;Kapper;Fleur Hairstyling;+31 13 542 7961;http://www.fleurhairstyling.nl/;4.8;62;;info@fleurhairstyling.nl;0135427961, 0031135427961;;;
Tilburg;Kapper;Kapsalon Lifestyle;+31 6 50571637;;4.9;28;;;;;;
Tilburg;Kapper;Diva Kappers;+31 13 542 3021;http://www.diva-kappers.nl/;4.5;187;;;;;;
Tilburg;Kapper;Kapsalon Bij Nienke;+31 13 542 2797;http://www.bijnienke.nl/;4.7;148;;info@bijnienke.nl;+31135422797;https://www.facebook.com/BijNienke;https://www.instagram.com/kapsalonbijnienke;
Tilburg;Kapper;Kapper Umut Tilburg;+31 6 81953339;;4.5;105;;;;;;
Tilburg;Kapper;Zijn & Haar Mode Kappers;+31 13 542 3663;https://www.zijnhaarmode.nl/;4.9;158;;;0031135423663;;https://www.instagram.com/zijnhaarmode;
Tilburg;Kapper;Vente's Hairfashion;+31 13 536 5120;;4.8;11;;;;;;
Maastricht;Loodgieter;Olieslagers Installaties;+31 6 43477159;https://www.olieslagersinstallaties.nl/;5.0;25;;info@olieslagersinstallaties.nl;;https://www.facebook.com/olieslagersinstallaties;https://www.instagram.com/olieslagersinstallaties;
Maastricht;Loodgieter;Loodgietersbedrijf Kash;+31 6 53412308;http://www.kashloodgieter.nl/;4.5;13;;kashloodgieter@msn.com;;;;
Maastricht;Loodgieter;GJ Installaties;+31 6 31150314;http://www.gjinstallaties.nl/;5.0;13;;gjinstallaties@gmail.com;;https://www.facebook.com/1611076282239002;;
Maastricht;Loodgieter;Fabio Jeurissen Installaties;+31 6 54124954;https://m.facebook.com/profile.php?id=102852341625184;5.0;29;;;;;;
Maastricht;Loodgieter;De Klussenbox (loodgieter/elektr.);+31 6 13883611;https://www.deklussenbox.nl/;4.9;161;;info@deklussenbox.nl;;https://www.facebook.com/harold.vanaken;;https://nl.linkedin.com/in/harold-van-aken-a944b86
Maastricht;Loodgieter;Loodgieter Maastricht (Kortleven);+31 6 25383310;https://www.installatiebedrijf-kortleven.nl/;4.2;5;;;;;;
Maastricht;Loodgieter;Heuvel Ton van den Installatiebedrijf;+31 43 321 2994;http://www.loodgietervandenheuvel.nl/;3.1;7;;;;;;
Maastricht;Loodgieter;Loodgieter- en servicebedrijf Hub;+31 43 321 8440;https://www.loodgietersbedrijfhub.nl/;1.0;1;;;;;;
Maastricht;Loodgieter;Rions BV;+31 43 321 4978;https://www.rions.nl/;4.3;135;;info@rions.nl;0433214978, 0457111885;https://www.facebook.com/Rionsriooldiensten;;
Maastricht;Fysiotherapie;Physio Health Maastricht;+31 6 25091883;http://www.physio-health.nl/;4.8;18;;info@physio-health.nl;0625091883;https://www.facebook.com/jegezondheidisjeleven;https://www.instagram.com/physiohealthschrijn;
Maastricht;Fysiotherapie;Fysio Centrum Maastricht;+31 43 321 6870;https://www.fysiocentrummaastricht.nl/;5.0;8;;;0433216870;https://www.facebook.com/Fysiocentrummaastricht;;
Maastricht;Fysiotherapie;Fysiotherapie Hof;+31 43 204 1255;https://fysiotherapiehof.nl/;5.0;26;;contact@fysiotherapiehof.nl, info@fysiotherapiehof.nl;0432041255;https://www.facebook.com/FysiotherapieHof;https://www.instagram.com/fysiotherapiehof;
Maastricht;Fysiotherapie;ReCode Health Fysiotherapie;+31 6 51132179;http://www.recodehealth.nl/;5.0;12;;;;;;
Maastricht;Fysiotherapie;Fysio & Leefstijl Maastricht;+31 6 13529713;https://www.guus-rothuizen.com/;5.0;21;;;;;;https://linkedin.com/in/guus-rothuizen-bba851197
Maastricht;Fysiotherapie;Fysio Vitaal Maastricht;+31 43 321 9540;http://www.fysiovitaalmaastricht.nl/;5.0;10;;info@fysiovitaalmaastricht.nl;;;;
Maastricht;Fysiotherapie;Fysiotherapie Céramique;+31 43 351 0501;http://www.fysiotherapieceramique.nl/;4.9;21;;info@fysiotherapieceramique.nl;+3143 351 0501;;http://www.instagram.com/fysiotherapieceramique;
Maastricht;Fysiotherapie;Fysio043;+31 43 347 7877;http://www.fysio043.nl/;4.9;27;;anouk@fysio043.nl, cayo@fysio043.nl, diako@fysio043.nl;0433477877;https://www.facebook.com/fysio043.nl;https://www.instagram.com/fysio043;
Maastricht;Fysiotherapie;Fysio Mosae Maastricht;+31 43 347 4073;http://www.fysiomosae.nl/;4.9;16;;info@fysiomosae.nl;0433474073;https://facebook.com/043web;https://www.instagram.com/fysiomosae;
Maastricht;Tandarts;Bolwerk Tandartsen;+31 43 321 4885;https://www.bolwerktandartsen.nl/;4.8;220;;balie@bolwerktandartsen.nl, daniel.aussems@bolwerktandartsen.nl;0031433214885;https://www.facebook.com/bolwerktandartsen;;
Maastricht;Tandarts;Dental Clinics Maastricht Centrum;+31 43 325 1545;https://www.dentalclinics.nl/;4.4;481;;;;https://www.facebook.com/DentalClinicsNL;https://www.instagram.com/dentalclinicsnl;https://linkedin.com/company/dental-clinics-nederland
Maastricht;Tandarts;TP Maastricht;+31 43 362 6155;https://tpmaastricht.nl/;4.8;4;;info@tpmaastricht.nl;+31433626155;;;
Maastricht;Tandarts;TEC Maastricht;+31 43 363 6392;https://tecmaastricht.nl/;4.6;59;;info@tecmaastricht.nl;0433636392;;https://www.instagram.com/tecmaastricht;
Maastricht;Tandarts;Dental Clinics Maastricht Heerderrein;+31 43 361 4521;https://www.dentalclinics.nl/;4.7;357;;;;https://www.facebook.com/DentalClinicsNL;https://www.instagram.com/dentalclinicsnl;https://linkedin.com/company/dental-clinics-nederland
Maastricht;Tandarts;Dental Clinics Maastricht Scharn;+31 43 325 1545;https://www.dentalclinics.nl/;4.6;346;;;;https://www.facebook.com/DentalClinicsNL;https://www.instagram.com/dentalclinicsnl;https://linkedin.com/company/dental-clinics-nederland
Maastricht;Tandarts;Mondzorg Maastricht;+31 88 500 2100;https://www.mondzorgmaastricht.nl/;4.4;55;;info@mondzorg-limburg.nl;;https://www.facebook.com/1866748040303680;;
Maastricht;Tandarts;De Drietand Tandheelkundig Centrum;+31 43 321 0206;https://www.dedrietand.nl/;4.0;73;;info@gosidesign.nl;;https://www.facebook.com/dedrietandmaastricht;https://www.instagram.com/dedrietandmaastricht;
Maastricht;Tandarts;Tandartspraktijk Herwig;+31 43 310 0150;http://www.tandartsherwig.nl/;4.8;28;;;;https://www.facebook.com/crazyclaynl;;
Maastricht;Tandarts;Mondzorg Mosae Forum;+31 43 205 0900;http://www.mzmf.nl/;3.6;29;;assistentes@mzmf.nl;01234567890;;;
Zwolle;Tandarts;Dental Clinics Zwolle;+31 38 421 3800;https://www.dentalclinics.nl/;4.7;965;;;;https://www.facebook.com/DentalClinicsNL;https://www.instagram.com/dentalclinicsnl;https://linkedin.com/company/dental-clinics-nederland
Zwolle;Tandarts;Tandarts & Mondhygiënist Noordereiland;+31 38 421 9177;https://tnoz.nl/;4.7;270;;info@tnoz.nl;+31384219177, +31402524267;;;
Zwolle;Tandarts;Tandartsengroepspraktijk Vrijheid;+31 38 466 9152;https://www.vrijheidtandartsen.nl/;4.2;31;;info@vrijheidtandartsen.nl;0900-8602;;https://www.instagram.com/tandartspraktijkvrijheid;
Zwolle;Tandarts;Tandartsenpraktijk Postema;+31 38 465 7544;https://tandartsenpraktijkpostema.nl/;4.5;8;;info@tandartsenpraktijkpostema.nl;038 465 75 44;;;
Zwolle;Tandarts;Mondzorg Centrum Overtoom;+31 38 200 9999;https://www.mondzorgcentrumovertoom.nl/;4.5;52;;;;https://www.facebook.com/MondzorgCentrumOvertoomZwolle;;
Zwolle;Tandarts;Tandartsenpraktijk Forelkolk;+31 38 465 1697;http://www.tandartsenpraktijkforelkolk.nl/;4.7;15;;info@tandartsenpraktijkforelkolk.nl, rekening@infomedics.nl;;;;
Zwolle;Tandarts;Atiq Tandartsen Zwolle;+31 38 303 1003;http://www.tandarts-zwolle.nl/;4.9;41;;;;;;
Zwolle;Tandarts;Tandartsen Centrum Zwolle;+31 38 453 0436;https://www.tandartsencentrumzwolle.nl/;3.0;2;;info@tandartsencentrumzwolle.nl;+31384530436;;;
Zwolle;Tandarts;Tandartspraktijk Hanekamp;+31 38 200 1627;https://www.tandartspraktijkhanekamp.nl/;4.9;15;;info@tandartspraktijkhanekamp.nl;;https://www.facebook.com/tandartspraktijkhanekamp;https://www.instagram.com/tandartspraktijkhanekamp;
Zwolle;Tandarts;Tandartspraktijk De Brink;+31 38 853 6400;http://www.tandartspraktijkdebrink.nl/;4.3;58;;;;;;
Zwolle;Loodgieter;Loodgietersbedrijf Nero;+31 6 47365095;http://www.loodgietersbedrijfnero.nl/;4.8;31;;info@loodgietersbedrijfnero.nl;;;;
Zwolle;Loodgieter;Ontstoppingsbedrijf Zwolle;+31 38 369 0298;https://ontstoppingsbedrijfzwolle.net/;4.8;16;;;;;;
Zwolle;Loodgieter;Technicomp Installatietechniek;+31 38 234 0250;https://www.technicomp.nl/;4.6;11;;;;;;
Zwolle;Loodgieter;Kuiper Loodgietersbedrijf (Nooter);+31 38 453 5121;http://www.kuiper-zwolle.nl/;5.0;1;;;;;;
Zwolle;Loodgieter;JF Installatieservice;+31 6 44374990;https://www.jfinstallatieservice.nl/;4.6;9;;info@jfinstallatieservice.nl;;;;
Oldebroek;Loodgieter;Loodgietersbedrijf Zwolle;+31 85 800 7127;;4.5;8;;;;;;
Zwolle;Loodgieter;P. Bloemert;+31 38 453 0063;;5.0;3;;;;;;
Zwolle;Loodgieter;R.Z. Installatietechniek;+31 38 234 0711;http://rzinstallatietechniek.nl/;4.7;37;;info@rzinstallatietechniek.nl;+31382340711;;https://www.instagram.com/r.z.installatietechniek;
Zwolle;Loodgieter;Riool Ontstoppen Zwolle;+31 38 202 3488;https://rioolontstoppenzwolle.nl/;5.0;4;;;;;;
Zwolle;Loodgieter;Postma Totaaltechniek;+31 6 20543672;http://www.postmatotaaltechniek.nl/;4.7;6;;info@postmatotaaltechniek.nl;;;;
Zwolle;Fysiotherapie;DTC Fysiotherapie Zwolle;+31 38 421 6394;https://www.dtczwolle.nl/;4.9;47;;info@dtczwolle.nl;0384216394;;;
Zwolle;Fysiotherapie;FysioZwolle Zorg Punt Zuid;+31 38 465 4000;http://www.fysiozwolle.nl/;4.7;38;;info@fysiozwolle.nl;0384654000;https://www.facebook.com/fysiozwolle;https://www.instagram.com/fysiozwolle;http://www.linkedin.com/company/fysiozwolle
Zwolle;Fysiotherapie;Fysiotherapie with Joy;+31 6 38348655;https://www.fysiotherapiewithjoy.nl/;5.0;85;;;+31638348655;https://www.facebook.com/Fysiotherapie-with-Joy-1320013584800364;https://www.instagram.com/fysiotherapiewithjoy;
Zwolle;Fysiotherapie;De Fysiotherapeut Zwolle;+31 38 303 0090;http://www.defysiotherapeutzwolle.nl/;5.0;6;;info@defysiotherapeutzwolle.nl;+31383030090;https://www.facebook.com/defysiotherapeutzwolle;https://www.instagram.com/defysiotherapeutzwolle;
Zwolle;Fysiotherapie;FysioPlus Zwolle;+31 38 453 5503;https://www.fysiopluszwolle.nl/;4.9;66;;info@fysiopluszwolle.nl;;https://www.facebook.com/FysioPlusZwolle;https://www.instagram.com/fysiopluszwolle;https://www.linkedin.com/company/79856811
Zwolle;Fysiotherapie;Fysiotherapie Dieze Oost;+31 38 454 6221;https://www.zwollefysio.nl/;4.9;9;;info@zwollefysio.nl;0384546221;;;
Zwolle;Fysiotherapie;FysioZwolle Van der Capellen;+31 38 465 4000;http://fysiozwolle.nl/;4.2;10;;info@fysiozwolle.nl;0384654000;https://www.facebook.com/fysiozwolle;https://www.instagram.com/fysiozwolle;http://www.linkedin.com/company/fysiozwolle
Zwolle;Fysiotherapie;Westenholte Fysio & Fitness;+31 38 457 9491;https://westenholtefit.nl/;4.8;61;;info@westenholtefit.nl;+31384579491;https://www.facebook.com/profile.php?id=100029157354633;https://www.instagram.com/westenholtefit;https://www.linkedin.com/company/westenholte-fysiotherapie-fitness
Zwolle;Fysiotherapie;TAPA Zwolle;+31 6 47150394;https://tapa.nl/;4.9;170;;info@tapa.nl;+31647150394;https://www.facebook.com/TAPAzwolle;https://www.instagram.com/tapa_zwolle;
